Dependency metrics,sexta, 7 nov. 2025 11:40:11 WET
Class,Cyclic,Dcy,Dcy*,Dpt,Dpt*,PDcy,PDpt
mindustry.ClientLauncher,0,27,1 157,1,1,11,1
mindustry.Vars,909,44,1 151,522,1 076,19,60
mindustry.ai.Astar,909,7,1 151,6,1 076,4,4
mindustry.ai.BaseBuilderAI,909,31,1 151,2,1 076,11,2
mindustry.ai.BaseRegistry,909,18,1 151,6,1 076,12,5
mindustry.ai.BaseRegistry.BasePart,909,3,1 151,4,1 076,3,3
mindustry.ai.BlockIndexer,909,26,1 151,33,1 076,13,21
mindustry.ai.BlockIndexer.TurretQuadtree,0,1,1,1,1 077,1,1
mindustry.ai.ControlPathfinder,909,21,1 151,6,1 076,9,4
mindustry.ai.ControlPathfinder.Cluster,0,0,0,1,1 077,0,1
mindustry.ai.ControlPathfinder.FieldCache,909,3,1 151,2,1 076,3,1
mindustry.ai.ControlPathfinder.FieldIndexStruct,0,0,0,0,0,0,0
mindustry.ai.ControlPathfinder.IntraEdgeStruct,0,0,0,0,0,0,0
mindustry.ai.ControlPathfinder.NodeIndexStruct,0,0,0,0,0,0,0
mindustry.ai.ControlPathfinder.PathRequest,909,5,1 151,1,1 076,4,1
mindustry.ai.ItemUnitStance,909,4,1 151,4,1 076,3,3
mindustry.ai.PathfindQueue,0,1,1,2,1 077,0,1
mindustry.ai.Pathfinder,909,23,1 151,16,1 076,9,10
mindustry.ai.Pathfinder.EnemyCoreField,909,10,1 151,1,1 076,6,1
mindustry.ai.Pathfinder.Flowfield,909,5,1 151,5,1 076,4,2
mindustry.ai.Pathfinder.PathTileStruct,0,0,0,0,0,0,0
mindustry.ai.Pathfinder.PositionTarget,0,3,1 152,0,0,3,0
mindustry.ai.RtsAI,909,22,1 151,2,1 076,14,2
mindustry.ai.UnitCommand,909,8,1 151,16,1 076,4,12
mindustry.ai.UnitGroup,909,8,1 151,2,1 076,6,2
mindustry.ai.UnitStance,909,8,1 151,10,1 076,6,9
mindustry.ai.WaveSpawner,909,25,1 151,19,1 076,11,14
mindustry.ai.types.AssemblerAI,909,1,1 151,4,1 076,1,4
mindustry.ai.types.BoostAI,909,3,1 151,2,1 076,3,2
mindustry.ai.types.BuilderAI,909,15,1 151,3,1 076,8,3
mindustry.ai.types.CargoAI,909,7,1 151,2,1 076,7,2
mindustry.ai.types.CommandAI,909,19,1 151,15,1 076,11,10
mindustry.ai.types.DefenderAI,909,7,1 151,2,1 076,5,2
mindustry.ai.types.FlyingAI,909,9,1 151,5,1 076,6,3
mindustry.ai.types.FlyingFollowAI,909,8,1 151,2,1 076,6,2
mindustry.ai.types.GroundAI,909,7,1 151,5,1 076,7,4
mindustry.ai.types.HugAI,909,8,1 151,2,1 076,7,2
mindustry.ai.types.LogicAI,909,9,1 151,10,1 076,7,8
mindustry.ai.types.MinerAI,909,9,1 151,2,1 076,7,2
mindustry.ai.types.MissileAI,909,4,1 151,4,1 076,4,4
mindustry.ai.types.PrebuildAI,909,16,1 151,2,1 076,9,2
mindustry.ai.types.RepairAI,909,3,1 151,2,1 076,3,2
mindustry.ai.types.SuicideAI,909,13,1 151,2,1 076,12,2
mindustry.async.AsyncCore,909,7,1 151,3,1 076,4,2
mindustry.async.AvoidanceProcess,909,9,1 151,4,1 076,4,4
mindustry.async.PhysicsProcess,909,8,1 151,9,1 076,5,5
mindustry.async.PhysicsProcess.PhysicRef,0,1,1,2,1 078,1,2
mindustry.async.PhysicsProcess.PhysicsWorld,909,2,1 151,1,1 076,1,1
mindustry.async.PhysicsProcess.PhysicsWorld.PhysicsBody,0,0,0,3,1 079,0,1
mindustry.audio.SoundControl,909,14,1 151,8,1 076,8,4
mindustry.audio.SoundControl.SoundData,0,0,0,1,1 077,0,1
mindustry.audio.SoundLoop,0,0,0,4,1 077,0,4
mindustry.content.Blocks,909,199,1 151,100,1 076,32,34
mindustry.content.Bullets,909,5,1 151,9,1 076,3,7
mindustry.content.ErekirTechTree,909,28,1 151,1,1 076,10,1
mindustry.content.Fx,909,20,1 151,131,1 076,10,30
mindustry.content.Items,909,2,1 151,26,1 076,2,15
mindustry.content.Liquids,909,4,1 151,24,1 076,3,18
mindustry.content.Loadouts,909,2,1 151,7,1 076,1,5
mindustry.content.Planets,909,25,1 151,21,1 076,10,13
mindustry.content.SectorPresets,909,4,1 151,6,1 076,4,4
mindustry.content.SerpuloTechTree,909,12,1 151,1,1 076,3,1
mindustry.content.StatusEffects,909,10,1 151,30,1 076,7,18
mindustry.content.TeamEntries,0,0,0,1,1 077,0,1
mindustry.content.TechTree,909,7,1 151,10,1 076,4,7
mindustry.content.TechTree.TechNode,909,10,1 151,15,1 076,4,9
mindustry.content.UnitTypes,909,66,1 151,20,1 076,17,13
mindustry.content.Weathers,909,5,1 151,3,1 076,5,3
mindustry.core.ContentLoader,909,37,1 151,133,1 076,11,42
mindustry.core.Control,909,69,1 151,50,1 076,19,21
mindustry.core.FileTree,909,1,1 151,10,1 076,1,8
mindustry.core.GameState,909,13,1 151,201,1 076,6,49
mindustry.core.GameState.State,0,0,0,16,1 078,0,8
mindustry.core.Logic,909,70,1 151,19,1 076,17,11
mindustry.core.NetClient,909,47,1 151,15,1 076,14,9
mindustry.core.NetServer,909,56,1 151,22,1 076,14,10
mindustry.core.NetServer.VoteSession,909,4,1 151,1,1 076,2,1
mindustry.core.PerfCounter,0,0,0,4,1 077,0,2
mindustry.core.Renderer,909,38,1 151,60,1 076,10,23
mindustry.core.Renderer.EnvRenderer,0,0,0,1,1 077,0,1
mindustry.core.UI,909,47,1 151,103,1 076,9,30
mindustry.core.Version,0,0,0,20,1 077,0,11
mindustry.core.World,909,39,1 151,155,1 076,13,39
mindustry.core.World.Context,909,5,1 151,2,1 076,3,1
mindustry.core.World.FilterContext,909,7,1 151,2,1 076,4,2
mindustry.ctype.Content,909,4,1 151,126,1 076,3,43
mindustry.ctype.Content.ModContentInfo,909,1,1 151,15,1 076,1,11
mindustry.ctype.ContentType,909,13,1 151,41,1 076,5,19
mindustry.ctype.MappableContent,909,3,1 151,88,1 076,3,27
mindustry.ctype.UnlockableContent,909,20,1 151,228,1 076,12,42
mindustry.editor.BannedContentDialog,909,10,1 151,1,1 076,8,1
mindustry.editor.DrawOperation,909,8,1 151,4,1 076,6,1
mindustry.editor.DrawOperation.TileOpDataStruct,0,0,0,0,0,0,0
mindustry.editor.DrawOperation.TileOpStruct,0,0,0,0,0,0,0
mindustry.editor.EditorRenderer,909,15,1 151,8,1 076,8,1
mindustry.editor.EditorSpriteCache,0,0,0,1,1 077,0,1
mindustry.editor.EditorTile,909,20,1 151,4,1 076,10,3
mindustry.editor.EditorTool,909,12,1 151,2,1 076,7,1
mindustry.editor.MapEditor,909,20,1 151,16,1 076,11,4
mindustry.editor.MapEditor.Context,909,7,1 151,1,1 076,4,1
mindustry.editor.MapEditorDialog,909,47,1 151,7,1 076,16,5
mindustry.editor.MapGenerateDialog,909,24,1 151,2,1 076,13,1
mindustry.editor.MapInfoDialog,909,18,1 151,1,1 076,10,1
mindustry.editor.MapLoadDialog,909,6,1 151,1,1 076,4,1
mindustry.editor.MapLocalesDialog,909,15,1 151,1,1 076,10,1
mindustry.editor.MapLocalesDialog.PropertyStatus,0,0,0,1,1 077,0,1
mindustry.editor.MapObjectivesCanvas,909,3,1 151,4,1 076,3,1
mindustry.editor.MapObjectivesCanvas.ObjectiveTilemap,909,6,1 151,5,1 076,4,1
mindustry.editor.MapObjectivesCanvas.ObjectiveTilemap.ObjectiveTile,909,11,1 151,3,1 076,5,1
mindustry.editor.MapObjectivesCanvas.ObjectiveTilemap.ObjectiveTile.Connector,909,4,1 151,2,1 076,3,1
mindustry.editor.MapObjectivesCanvas.ObjectiveTilemap.ObjectiveTile.Mover,909,3,1 151,1,1 076,1,1
mindustry.editor.MapObjectivesDialog,909,37,1 151,4,1 076,13,1
mindustry.editor.MapObjectivesDialog.TypeInfo,909,2,1 151,4,1 076,1,1
mindustry.editor.MapProcessorsDialog,909,21,1 151,2,1 076,12,2
mindustry.editor.MapResizeDialog,909,4,1 151,1,1 076,3,1
mindustry.editor.MapView,909,11,1 151,1,1 076,7,1
mindustry.editor.OperationStack,909,1,1 151,1,1 076,1,1
mindustry.editor.SectorGenerateDialog,909,17,1 151,1,1 076,11,1
mindustry.editor.WaveGraph,909,11,1 151,1,1 076,8,1
mindustry.editor.WaveGraph.Mode,0,0,0,1,1 077,0,1
mindustry.editor.WaveInfoDialog,909,22,1 151,1,1 076,14,1
mindustry.editor.WaveInfoDialog.Sort,909,3,1 151,1,1 076,3,1
mindustry.entities.Damage,909,20,1 151,22,1 076,12,7
mindustry.entities.Damage.Collided,0,0,0,1,1 077,0,1
mindustry.entities.Effect,909,11,1 151,129,1 076,8,31
mindustry.entities.Effect.EffectContainer,0,0,0,10,1 077,0,5
mindustry.entities.EntityCollisions,909,6,1 151,11,1 076,5,6
mindustry.entities.EntityGroup,909,3,1 151,7,1 076,2,5
mindustry.entities.Fires,909,11,1 151,8,1 076,8,4
mindustry.entities.GroupDefs,0,0,0,0,0,0,0
mindustry.entities.Leg,0,0,0,2,1 077,0,2
mindustry.entities.LegDestroyData,0,0,0,2,1 077,0,2
mindustry.entities.Lightning,909,9,1 151,8,1 076,7,5
mindustry.entities.Predict,0,0,0,4,1 077,0,4
mindustry.entities.Puddles,909,17,1 151,11,1 076,11,6
mindustry.entities.TargetPriority,0,0,0,16,1 077,0,8
mindustry.entities.UnitSorts,909,3,1 151,4,1 076,2,4
mindustry.entities.Units,909,19,1 151,55,1 076,10,20
mindustry.entities.Units.UnitSyncContainer,0,0,0,2,1 077,0,2
mindustry.entities.abilities.Ability,909,2,1 151,21,1 076,2,6
mindustry.entities.abilities.ArmorPlateAbility,909,3,1 151,1,1 076,2,1
mindustry.entities.abilities.EnergyFieldAbility,909,16,1 151,2,1 076,10,2
mindustry.entities.abilities.ForceFieldAbility,909,8,1 151,4,1 076,7,2
mindustry.entities.abilities.LiquidExplodeAbility,909,8,1 151,2,1 076,8,2
mindustry.entities.abilities.LiquidRegenAbility,909,9,1 151,2,1 076,8,2
mindustry.entities.abilities.MoveEffectAbility,909,4,1 151,3,1 076,4,2
mindustry.entities.abilities.MoveLightningAbility,909,6,1 151,1,1 076,5,1
mindustry.entities.abilities.RegenAbility,909,1,1 151,2,1 076,1,2
mindustry.entities.abilities.RepairFieldAbility,909,5,1 151,2,1 076,4,2
mindustry.entities.abilities.ShieldArcAbility,909,11,1 151,3,1 076,8,2
mindustry.entities.abilities.ShieldRegenFieldAbility,909,5,1 151,2,1 076,4,2
mindustry.entities.abilities.SpawnDeathAbility,909,5,1 151,2,1 076,5,2
mindustry.entities.abilities.StatusFieldAbility,909,8,1 151,2,1 076,7,2
mindustry.entities.abilities.SuppressionFieldAbility,909,6,1 151,2,1 076,5,2
mindustry.entities.abilities.UnitSpawnAbility,909,12,1 151,2,1 076,10,2
mindustry.entities.bullet.ArtilleryBulletType,909,3,1 151,2,1 076,2,2
mindustry.entities.bullet.BasicBulletType,909,2,1 151,13,1 076,2,3
mindustry.entities.bullet.BombBulletType,909,2,1 151,1,1 076,1,1
mindustry.entities.bullet.BulletType,909,37,1 151,70,1 076,15,18
mindustry.entities.bullet.ContinuousBulletType,909,4,1 151,6,1 076,3,4
mindustry.entities.bullet.ContinuousFlameBulletType,909,7,1 151,2,1 076,4,2
mindustry.entities.bullet.ContinuousLaserBulletType,909,6,1 151,2,1 076,4,2
mindustry.entities.bullet.EmpBulletType,909,8,1 151,2,1 076,5,2
mindustry.entities.bullet.EmptyBulletType,909,1,1 151,1,1 076,1,1
mindustry.entities.bullet.ExplosionBulletType,909,2,1 151,1,1 076,2,1
mindustry.entities.bullet.FireBulletType,909,5,1 151,1,1 076,4,1
mindustry.entities.bullet.FlakBulletType,909,4,1 151,3,1 076,3,2
mindustry.entities.bullet.InterceptorBulletType,909,3,1 151,1,1 076,2,1
mindustry.entities.bullet.LaserBoltBulletType,909,4,1 151,1,1 076,3,1
mindustry.entities.bullet.LaserBulletType,909,7,1 151,3,1 076,4,2
mindustry.entities.bullet.LightningBulletType,909,5,1 151,1,1 076,4,1
mindustry.entities.bullet.LiquidBulletType,909,9,1 151,2,1 076,7,2
mindustry.entities.bullet.MassDriverBolt,909,13,1 151,4,1 076,8,3
mindustry.entities.bullet.MissileBulletType,909,3,1 151,1,1 076,2,1
mindustry.entities.bullet.MultiBulletType,909,3,1 151,2,1 076,3,1
mindustry.entities.bullet.PointBulletType,909,5,1 151,1,1 076,4,1
mindustry.entities.bullet.PointLaserBulletType,909,7,1 151,1,1 076,5,1
mindustry.entities.bullet.RailBulletType,909,4,1 151,3,1 076,3,2
mindustry.entities.bullet.SapBulletType,909,6,1 151,2,1 076,4,2
mindustry.entities.bullet.ShrapnelBulletType,909,5,1 151,3,1 076,4,2
mindustry.entities.bullet.SpaceLiquidBulletType,909,3,1 151,1,1 076,3,1
mindustry.entities.comp.BlockUnitComp,0,2,1 152,0,0,2,0
mindustry.entities.comp.BuilderComp,0,25,1 153,0,0,14,0
mindustry.entities.comp.BuildingComp,0,76,1 154,0,0,26,0
mindustry.entities.comp.BuildingTetherComp,0,2,1 152,0,0,2,0
mindustry.entities.comp.BulletComp,0,14,1 152,0,0,9,0
mindustry.entities.comp.ChildComp,0,1,1,0,0,1,0
mindustry.entities.comp.CrawlComp,0,14,1 152,0,0,8,0
mindustry.entities.comp.DamageComp,0,0,0,0,0,0,0
mindustry.entities.comp.DecalComp,0,1,1,0,0,1,0
mindustry.entities.comp.DrawComp,0,0,0,0,0,0,0
mindustry.entities.comp.EffectStateComp,0,1,1 152,0,0,1,0
mindustry.entities.comp.ElevationMoveComp,0,2,1 152,0,0,1,0
mindustry.entities.comp.EntityComp,0,2,1 152,0,0,2,0
mindustry.entities.comp.FireComp,0,22,1 152,0,0,12,0
mindustry.entities.comp.HealthComp,0,0,0,0,0,0,0
mindustry.entities.comp.HitboxComp,0,1,1,0,0,1,0
mindustry.entities.comp.ItemsComp,0,2,1 152,0,0,1,0
mindustry.entities.comp.LaunchCoreComp,0,6,1 152,0,0,4,0
mindustry.entities.comp.LegsComp,0,19,1 153,0,0,10,0
mindustry.entities.comp.MechComp,0,6,1 152,0,0,6,0
mindustry.entities.comp.MinerComp,0,15,1 152,0,0,10,0
mindustry.entities.comp.OwnerComp,0,0,0,0,0,0,0
mindustry.entities.comp.PayloadComp,0,21,1 152,0,0,10,0
mindustry.entities.comp.PhysicsComp,0,1,2,0,0,1,0
mindustry.entities.comp.PlayerComp,0,27,1 153,0,0,15,0
mindustry.entities.comp.PosComp,0,6,1 152,0,0,5,0
mindustry.entities.comp.PosTeamDef,0,0,0,0,0,0,0
mindustry.entities.comp.PowerGraphUpdaterComp,0,1,1,0,0,1,0
mindustry.entities.comp.PuddleComp,0,11,1 152,0,0,7,0
mindustry.entities.comp.RotComp,0,0,0,0,0,0,0
mindustry.entities.comp.SegmentComp,0,3,1 152,0,0,3,0
mindustry.entities.comp.ShieldComp,0,8,1 152,0,0,6,0
mindustry.entities.comp.ShielderComp,0,0,0,0,0,0,0
mindustry.entities.comp.StatusComp,0,11,1 152,0,0,7,0
mindustry.entities.comp.SyncComp,0,3,1 152,0,0,3,0
mindustry.entities.comp.TankComp,0,14,1 152,0,0,10,0
mindustry.entities.comp.TeamComp,0,7,1 152,0,0,4,0
mindustry.entities.comp.TimedComp,0,0,0,0,0,0,0
mindustry.entities.comp.TimedKillComp,0,0,0,0,0,0,0
mindustry.entities.comp.TimerComp,0,0,0,0,0,0,0
mindustry.entities.comp.UnderwaterMoveComp,0,4,1 152,0,0,4,0
mindustry.entities.comp.UnitComp,0,56,1 153,0,0,23,0
mindustry.entities.comp.UnitTetherComp,0,2,1 152,0,0,2,0
mindustry.entities.comp.VelComp,0,4,1 152,0,0,3,0
mindustry.entities.comp.WaterCrawlComp,0,7,1 152,0,0,5,0
mindustry.entities.comp.WaterMoveComp,0,11,1 152,0,0,8,0
mindustry.entities.comp.WeaponsComp,0,5,1 152,0,0,3,0
mindustry.entities.comp.WorldLabelComp,0,5,1 152,0,0,4,0
mindustry.entities.effect.ExplosionEffect,909,4,1 151,3,1 076,2,2
mindustry.entities.effect.MultiEffect,909,1,1 151,5,1 076,1,3
mindustry.entities.effect.ParticleEffect,909,3,1 151,2,1 076,2,1
mindustry.entities.effect.RadialEffect,909,2,1 151,2,1 076,2,2
mindustry.entities.effect.SeqEffect,909,3,1 151,1,1 076,1,1
mindustry.entities.effect.SoundEffect,909,1,1 151,1,1 076,1,1
mindustry.entities.effect.WaveEffect,909,3,1 151,3,1 076,2,2
mindustry.entities.effect.WrapEffect,909,3,1 151,5,1 076,2,4
mindustry.entities.part.DrawPart,0,1,1,15,1 079,1,7
mindustry.entities.part.DrawPart.PartMove,0,1,3,4,1 077,1,3
mindustry.entities.part.DrawPart.PartParams,0,0,0,15,1 082,0,6
mindustry.entities.part.EffectSpawnerPart,909,8,1 151,1,1 076,6,1
mindustry.entities.part.FlarePart,909,6,1 151,2,1 076,2,2
mindustry.entities.part.HaloPart,909,4,1 151,2,1 076,2,2
mindustry.entities.part.HoverPart,0,2,2,2,1 077,1,2
mindustry.entities.part.RegionPart,909,8,1 151,5,1 076,2,3
mindustry.entities.part.ShapePart,0,3,4,3,1 077,1,2
mindustry.entities.pattern.ShootAlternate,0,2,3,3,1 077,1,2
mindustry.entities.pattern.ShootBarrel,0,3,4,2,1 077,1,2
mindustry.entities.pattern.ShootHelix,0,3,3,3,1 077,2,2
mindustry.entities.pattern.ShootMulti,0,4,4,2,1 077,2,2
mindustry.entities.pattern.ShootPattern,0,1,2,14,1 084,1,5
mindustry.entities.pattern.ShootSine,0,2,3,1,1 077,1,1
mindustry.entities.pattern.ShootSpread,0,2,3,3,1 077,1,2
mindustry.entities.pattern.ShootSummon,0,2,3,2,1 077,1,2
mindustry.entities.units.AIController,909,15,1 151,20,1 076,11,5
mindustry.entities.units.BuildPlan,909,10,1 151,77,1 076,5,27
mindustry.entities.units.StatusEntry,909,1,1 151,5,1 076,1,4
mindustry.entities.units.WeaponMount,909,2,1 151,11,1 076,2,4
mindustry.game.AttackIndicators,0,0,0,2,1 077,0,2
mindustry.game.AttackIndicators.IndicatorStruct,0,0,0,0,0,0,0
mindustry.game.CampaignRules,909,7,1 151,11,1 076,4,8
mindustry.game.Difficulty,0,0,0,4,1 077,0,4
mindustry.game.EventType,0,0,0,1,1,0,1
mindustry.game.EventType.AdminRequestEvent,0,1,1,1,1 077,1,1
mindustry.game.EventType.AtlasPackEvent,0,0,0,1,1 077,0,1
mindustry.game.EventType.BlockBuildBeginEvent,909,2,1 151,2,1 076,2,2
mindustry.game.EventType.BlockBuildEndEvent,909,2,1 151,6,1 076,2,6
mindustry.game.EventType.BlockDestroyEvent,909,1,1 151,3,1 076,1,3
mindustry.game.EventType.BlockInfoEvent,0,0,0,1,1 077,0,1
mindustry.game.EventType.BuildDamageEvent,0,0,0,3,1 077,0,3
mindustry.game.EventType.BuildRotateEvent,0,0,0,2,1 077,0,2
mindustry.game.EventType.BuildSelectEvent,0,2,1 152,1,1,2,1
mindustry.game.EventType.BuildTeamChangeEvent,909,1,1 151,2,1 076,1,2
mindustry.game.EventType.BuildingBulletDestroyEvent,0,0,0,2,1 077,0,2
mindustry.game.EventType.BuildingCommandEvent,0,0,0,2,1 077,0,2
mindustry.game.EventType.ClientChatEvent,0,0,0,2,1 077,0,2
mindustry.game.EventType.ClientCreateEvent,0,0,0,2,2,0,2
mindustry.game.EventType.ClientLoadEvent,0,0,0,14,1 077,0,11
mindustry.game.EventType.ClientPreConnectEvent,909,1,1 151,2,1 076,1,2
mindustry.game.EventType.ClientServerConnectEvent,0,0,0,1,1 077,0,1
mindustry.game.EventType.ConfigEvent,0,0,0,1,1 077,0,1
mindustry.game.EventType.ConnectPacketEvent,909,2,1 151,1,1 076,1,1
mindustry.game.EventType.ConnectionEvent,909,1,1 151,1,1 076,1,1
mindustry.game.EventType.ContentInitEvent,0,0,0,2,1 077,0,2
mindustry.game.EventType.CoreChangeEvent,909,1,1 151,3,1 076,1,3
mindustry.game.EventType.CoreItemDeliverEvent,0,0,0,0,0,0,0
mindustry.game.EventType.DepositEvent,909,1,1 151,1,1 076,1,1
mindustry.game.EventType.DisposeEvent,0,0,0,2,1 077,0,2
mindustry.game.EventType.FileTreeInitEvent,0,0,0,1,1 077,0,1
mindustry.game.EventType.GameOverEvent,909,1,1 151,3,1 076,1,2
mindustry.game.EventType.GeneratorPressureExplodeEvent,0,0,0,2,1 077,0,2
mindustry.game.EventType.HostEvent,0,0,0,2,1 077,0,2
mindustry.game.EventType.LaunchItemEvent,909,1,1 151,2,1 076,1,2
mindustry.game.EventType.LineConfirmEvent,0,0,0,2,1 077,0,1
mindustry.game.EventType.LoseEvent,0,0,0,1,1 077,0,1
mindustry.game.EventType.MapMakeEvent,0,0,0,2,1 077,0,2
mindustry.game.EventType.MapPublishEvent,0,0,0,2,1 077,0,2
mindustry.game.EventType.MenuOptionChooseEvent,0,0,0,1,1,0,1
mindustry.game.EventType.ModContentLoadEvent,0,0,0,1,1 077,0,1
mindustry.game.EventType.MusicRegisterEvent,0,0,0,1,1 077,0,1
mindustry.game.EventType.PayloadDropEvent,0,0,0,3,1 077,0,3
mindustry.game.EventType.PickupEvent,0,0,0,2,1 077,0,2
mindustry.game.EventType.PlayEvent,0,0,0,3,1 077,0,2
mindustry.game.EventType.PlayerBanEvent,0,0,0,1,1 077,0,1
mindustry.game.EventType.PlayerChatEvent,0,0,0,1,1 077,0,1
mindustry.game.EventType.PlayerConnect,0,0,0,1,1 077,0,1
mindustry.game.EventType.PlayerConnectionConfirmed,0,0,0,1,1 077,0,1
mindustry.game.EventType.PlayerIpBanEvent,0,0,0,2,1 077,0,2
mindustry.game.EventType.PlayerIpUnbanEvent,0,0,0,2,1 077,0,2
mindustry.game.EventType.PlayerJoin,0,0,0,2,1 077,0,2
mindustry.game.EventType.PlayerLeave,0,0,0,1,1 077,0,1
mindustry.game.EventType.PlayerUnbanEvent,0,0,0,1,1 077,0,1
mindustry.game.EventType.ResearchEvent,909,1,1 151,2,1 076,1,2
mindustry.game.EventType.ResetEvent,0,0,0,20,1 077,0,12
mindustry.game.EventType.ResizeEvent,0,0,0,4,1 077,0,3
mindustry.game.EventType.SaveLoadEvent,0,0,0,3,1 077,0,2
mindustry.game.EventType.SaveWriteEvent,0,0,0,2,1 077,0,2
mindustry.game.EventType.SchematicCreateEvent,909,1,1 151,2,1 076,1,2
mindustry.game.EventType.SectorCaptureEvent,909,1,1 151,5,1 076,1,4
mindustry.game.EventType.SectorInvasionEvent,909,1,1 151,2,1 076,1,2
mindustry.game.EventType.SectorLaunchEvent,909,1,1 151,2,1 076,1,2
mindustry.game.EventType.SectorLaunchLoadoutEvent,909,2,1 151,2,1 076,2,2
mindustry.game.EventType.SectorLoseEvent,909,1,1 151,3,1 076,1,3
mindustry.game.EventType.ServerLoadEvent,0,0,0,2,2,0,1
mindustry.game.EventType.StateChangeEvent,0,1,1,4,1 077,1,2
mindustry.game.EventType.TapEvent,909,1,1 151,1,1 076,1,1
mindustry.game.EventType.TextInputEvent,0,0,0,1,1,0,1
mindustry.game.EventType.TileChangeEvent,909,1,1 151,8,1 076,1,5
mindustry.game.EventType.TileFloorChangeEvent,909,2,1 151,2,1 076,2,2
mindustry.game.EventType.TileOverlayChangeEvent,909,2,1 151,2,1 076,2,2
mindustry.game.EventType.TilePreChangeEvent,909,1,1 151,6,1 076,1,4
mindustry.game.EventType.Trigger,0,0,0,40,1 077,0,24
mindustry.game.EventType.TurnEvent,0,0,0,2,1 077,0,2
mindustry.game.EventType.TurretAmmoDeliverEvent,0,0,0,0,0,0,0
mindustry.game.EventType.UnitBulletDestroyEvent,0,0,0,3,1 077,0,3
mindustry.game.EventType.UnitChangeEvent,0,0,0,1,1,0,1
mindustry.game.EventType.UnitControlEvent,0,0,0,2,1 077,0,2
mindustry.game.EventType.UnitCreateEvent,0,0,0,6,1 077,0,5
mindustry.game.EventType.UnitDamageEvent,0,0,0,2,1 077,0,2
mindustry.game.EventType.UnitDestroyEvent,0,0,0,6,1 077,0,5
mindustry.game.EventType.UnitDrownEvent,0,0,0,2,1 077,0,2
mindustry.game.EventType.UnitSpawnEvent,0,0,0,1,1 077,0,1
mindustry.game.EventType.UnitUnloadEvent,0,0,0,1,1 077,0,1
mindustry.game.EventType.UnlockEvent,909,1,1 151,6,1 076,1,5
mindustry.game.EventType.WaveEvent,0,0,0,7,1 077,0,5
mindustry.game.EventType.WinEvent,0,0,0,2,1 077,0,2
mindustry.game.EventType.WithdrawEvent,909,1,1 151,2,1 076,1,2
mindustry.game.EventType.WorldLoadBeginEvent,0,0,0,1,1 077,0,1
mindustry.game.EventType.WorldLoadEndEvent,0,0,0,1,1 077,0,1
mindustry.game.EventType.WorldLoadEvent,0,0,0,20,1 077,0,9
mindustry.game.FogControl,909,23,1 151,14,1 076,8,10
mindustry.game.FogControl.DynamicFogThread,909,1,1 151,1,1 076,1,1
mindustry.game.FogControl.FogData,909,1,1 151,1,1 076,1,1
mindustry.game.FogControl.FogEventStruct,0,0,0,0,0,0,0
mindustry.game.FogControl.StaticFogThread,909,1,1 151,1,1 076,1,1
mindustry.game.GameStats,909,2,1 151,10,1 076,2,6
mindustry.game.Gamemode,909,4,1 151,15,1 076,2,7
mindustry.game.MapMarkers,909,2,1 151,5,1 076,2,3
mindustry.game.MapObjectives,909,25,1 151,15,1 076,4,7
mindustry.game.MapObjectives.BuildCountObjective,909,7,1 151,1,1 076,6,1
mindustry.game.MapObjectives.CommandModeObjective,909,4,1 151,1,1 076,4,1
mindustry.game.MapObjectives.CoreItemObjective,909,7,1 151,1,1 076,6,1
mindustry.game.MapObjectives.DestroyBlockObjective,909,7,1 151,1,1 076,6,1
mindustry.game.MapObjectives.DestroyBlocksObjective,909,8,1 151,1,1 076,6,1
mindustry.game.MapObjectives.DestroyCoreObjective,909,5,1 151,1,1 076,3,1
mindustry.game.MapObjectives.DestroyUnitsObjective,909,4,1 151,1,1 076,3,1
mindustry.game.MapObjectives.FlagObjective,909,5,1 151,1,1 076,4,1
mindustry.game.MapObjectives.ItemObjective,909,9,1 151,1,1 076,7,1
mindustry.game.MapObjectives.LineMarker,909,5,1 151,1,1 076,4,1
mindustry.game.MapObjectives.MapObjective,909,4,1 151,25,1 076,3,6
mindustry.game.MapObjectives.ObjectiveMarker,909,6,1 151,18,1 076,5,6
mindustry.game.MapObjectives.PointMarker,909,4,1 151,1,1 076,3,1
mindustry.game.MapObjectives.PosMarker,909,3,1 151,6,1 076,3,1
mindustry.game.MapObjectives.ProduceObjective,909,3,1 151,1,1 076,3,1
mindustry.game.MapObjectives.QuadMarker,909,5,1 151,1,1 076,3,1
mindustry.game.MapObjectives.ResearchObjective,909,3,1 151,1,1 076,3,1
mindustry.game.MapObjectives.ShapeMarker,909,4,1 151,1,1 076,3,1
mindustry.game.MapObjectives.ShapeTextMarker,909,4,1 151,1,1 076,3,1
mindustry.game.MapObjectives.TextMarker,909,3,1 151,1,1 076,2,1
mindustry.game.MapObjectives.TextureMarker,909,5,1 151,1,1 076,3,1
mindustry.game.MapObjectives.TimerObjective,909,5,1 151,1,1 076,4,1
mindustry.game.MapObjectives.UnitCountObjective,909,9,1 151,1,1 076,6,1
mindustry.game.Objectives,0,0,0,1,1 077,0,1
mindustry.game.Objectives.OnPlanet,909,4,1 151,2,1 076,3,2
mindustry.game.Objectives.OnSector,909,4,1 151,3,1 076,3,2
mindustry.game.Objectives.Produce,909,2,1 151,3,1 076,2,2
mindustry.game.Objectives.Research,909,3,1 151,5,1 076,3,2
mindustry.game.Objectives.SectorComplete,909,4,1 151,6,1 076,3,3
mindustry.game.Rules,909,19,1 151,171,1 076,9,45
mindustry.game.Rules.TeamRule,0,0,0,16,1 077,0,8
mindustry.game.Rules.TeamRules,909,3,1 151,4,1 076,1,2
mindustry.game.Saves,909,15,1 151,14,1 076,6,7
mindustry.game.Saves.SaveSlot,909,16,1 151,12,1 076,9,6
mindustry.game.Schematic,909,11,1 151,21,1 076,8,9
mindustry.game.Schematic.Stile,909,2,1 151,7,1 076,2,4
mindustry.game.Schematics,909,43,1 151,21,1 076,17,10
mindustry.game.SectorInfo,909,30,1 151,20,1 076,14,12
mindustry.game.SectorInfo.ExportStat,909,1,1 151,4,1 076,1,3
mindustry.game.SpawnGroup,909,10,1 151,15,1 076,7,11
mindustry.game.Team,909,13,1 151,156,1 076,7,41
mindustry.game.Teams,909,10,1 151,28,1 076,6,18
mindustry.game.Teams.BlockPlan,909,1,1 151,12,1 076,1,10
mindustry.game.Teams.TeamData,909,16,1 151,37,1 076,9,18
mindustry.game.Universe,909,26,1 151,10,1 076,11,6
mindustry.game.Waves,909,7,1 151,7,1 076,3,6
mindustry.graphics.BlockRenderer,909,30,1 151,9,1 076,10,6
mindustry.graphics.BlockRenderer.BlockLightQuadtree,909,2,1 151,1,1 076,1,1
mindustry.graphics.BlockRenderer.BlockQuadtree,909,2,1 151,1,1 076,1,1
mindustry.graphics.BlockRenderer.FloorQuadtree,909,3,1 151,1,1 076,2,1
mindustry.graphics.CacheLayer,909,3,1 151,13,1 076,1,8
mindustry.graphics.CacheLayer.ShaderLayer,909,5,1 151,1,1 076,3,1
mindustry.graphics.CubemapMesh,0,1,1,1,1 077,0,1
mindustry.graphics.DebugCollisionRenderer,909,5,1 151,1,1 076,5,1
mindustry.graphics.Drawf,909,12,1 151,114,1 076,5,24
mindustry.graphics.EnvRenderers,909,9,1 151,1,1 076,6,1
mindustry.graphics.FloorRenderer,909,10,1 151,7,1 076,6,4
mindustry.graphics.FloorRenderer.ChunkMesh,0,0,0,1,1 077,0,1
mindustry.graphics.FloorRenderer.FloorRenderBatch,909,2,1 151,1,1 076,1,1
mindustry.graphics.FogRenderer,909,13,1 151,3,1 076,7,3
mindustry.graphics.GpuDetect,0,0,0,2,2,0,2
mindustry.graphics.InverseKinematics,0,0,0,1,1,0,1
mindustry.graphics.Layer,0,0,0,96,1 078,0,26
mindustry.graphics.LightRenderer,909,8,1 151,3,1 076,4,2
mindustry.graphics.LightRenderer.CircleLight,0,0,0,1,1 077,0,1
mindustry.graphics.LoadRenderer,0,11,1 153,1,2,6,1
mindustry.graphics.LoadRenderer.Bar,0,0,0,1,3,0,1
mindustry.graphics.MenuRenderer,909,11,1 151,1,1 076,7,1
mindustry.graphics.MinimapRenderer,909,28,1 151,10,1 076,12,9
mindustry.graphics.MultiPacker,909,3,1 151,10,1 076,2,6
mindustry.graphics.MultiPacker.PageType,0,0,0,11,1 077,0,7
mindustry.graphics.NvGpuInfo,0,0,0,1,2,0,1
mindustry.graphics.OverlayRenderer,909,26,1 151,2,1 076,11,2
mindustry.graphics.OverlayRenderer.CoreEdge,909,2,1 151,1,1 076,2,1
mindustry.graphics.Pal,0,0,0,181,1 084,0,41
mindustry.graphics.ParticleRenderer,0,3,1 152,0,0,2,0
mindustry.graphics.Pixelator,909,4,1 151,1,1 076,3,1
mindustry.graphics.Shaders,909,19,1 151,25,1 076,3,12
mindustry.graphics.Shaders.AtmosphereShader,909,2,1 151,2,1 076,2,2
mindustry.graphics.Shaders.BlockBuildShader,909,1,1 151,5,1 076,1,5
mindustry.graphics.Shaders.BuildBeamShader,909,1,1 151,1,1 076,1,1
mindustry.graphics.Shaders.CloudShader,909,5,1 151,2,1 076,5,2
mindustry.graphics.Shaders.DarknessShader,909,1,1 151,1,1 076,1,1
mindustry.graphics.Shaders.FogShader,909,1,1 151,1,1 076,1,1
mindustry.graphics.Shaders.LightShader,909,1,1 151,2,1 076,1,1
mindustry.graphics.Shaders.LoadShader,909,1,1 151,15,1 076,1,1
mindustry.graphics.Shaders.MeshShader,909,1,1 151,1,1 076,1,1
mindustry.graphics.Shaders.PlanetGridShader,909,1,1 151,2,1 076,1,2
mindustry.graphics.Shaders.PlanetShader,909,5,1 151,2,1 076,5,2
mindustry.graphics.Shaders.ShieldShader,909,1,1 151,1,1 076,1,1
mindustry.graphics.Shaders.ShockwaveShader,909,4,1 151,1,1 076,4,1
mindustry.graphics.Shaders.SpaceShader,909,3,1 151,1,1 076,3,1
mindustry.graphics.Shaders.SurfaceShader,909,3,1 151,2,1 076,3,1
mindustry.graphics.Shaders.UnitArmorShader,909,1,1 151,2,1 076,1,2
mindustry.graphics.Shaders.UnitBuildShader,909,1,1 151,2,1 076,1,1
mindustry.graphics.Trail,0,0,0,7,1 077,0,4
mindustry.graphics.Voronoi,0,5,5,1,1 077,1,1
mindustry.graphics.Voronoi.Edge,0,1,1,2,1 079,1,1
mindustry.graphics.Voronoi.GraphEdge,0,0,0,2,1 078,0,1
mindustry.graphics.Voronoi.Halfedge,0,2,2,1,1 078,1,1
mindustry.graphics.Voronoi.Site,0,0,0,3,1 080,0,1
mindustry.graphics.g3d.HexMesh,909,7,1 151,3,1 076,3,2
mindustry.graphics.g3d.HexSkyMesh,909,6,1 151,2,1 076,3,2
mindustry.graphics.g3d.MatMesh,909,2,1 151,2,1 076,1,2
mindustry.graphics.g3d.MeshBuilder,909,6,1 151,7,1 076,2,3
mindustry.graphics.g3d.MultiMesh,909,2,1 151,2,1 076,1,2
mindustry.graphics.g3d.NoiseMesh,909,5,1 151,2,1 076,3,2
mindustry.graphics.g3d.PlanetGrid,0,4,4,3,1 077,1,3
mindustry.graphics.g3d.PlanetGrid.Corner,2,2,2,6,1 080,1,2
mindustry.graphics.g3d.PlanetGrid.Edge,2,2,2,3,1 080,1,1
mindustry.graphics.g3d.PlanetGrid.Ptile,2,2,2,13,1 080,1,8
mindustry.graphics.g3d.PlanetMesh,909,3,1 151,4,1 076,2,1
mindustry.graphics.g3d.PlanetParams,909,3,1 151,14,1 076,3,7
mindustry.graphics.g3d.PlanetRenderer,909,8,1 151,5,1 076,4,4
mindustry.graphics.g3d.ShaderSphereMesh,909,3,1 151,2,1 076,2,2
mindustry.graphics.g3d.SunMesh,909,4,1 151,2,1 076,3,2
mindustry.input.Binding,909,1,1 151,19,1 076,1,8
mindustry.input.DesktopInput,909,31,1 151,2,1 076,11,2
mindustry.input.InputHandler,909,77,1 151,31,1 076,24,16
mindustry.input.InputHandler.PlaceLine,0,0,0,1,1 077,0,1
mindustry.input.MobileInput,909,29,1 151,3,1 076,14,3
mindustry.input.PlaceMode,0,0,0,2,1 077,0,1
mindustry.input.Placement,909,15,1 151,10,1 076,8,5
mindustry.input.Placement.NormalizeDrawResult,0,0,0,2,1 077,0,1
mindustry.input.Placement.NormalizeResult,0,0,0,3,1 077,0,2
mindustry.io.JsonIO,909,29,1 151,27,1 076,11,12
mindustry.io.JsonIO.CustomJson,909,1,1 151,1,1 076,1,1
mindustry.io.MapIO,909,19,1 151,6,1 076,9,4
mindustry.io.SaveFileReader,909,3,1 151,11,1 076,2,6
mindustry.io.SaveIO,909,21,1 151,13,1 076,6,10
mindustry.io.SaveIO.SaveException,0,0,0,4,1 077,0,4
mindustry.io.SaveMeta,909,5,1 151,9,1 076,4,5
mindustry.io.SavePreviewLoader,0,0,0,1,1 077,0,1
mindustry.io.SaveVersion,909,45,1 151,11,1 076,14,6
mindustry.io.TypeIO,909,47,1 151,13,1 076,18,11
mindustry.io.TypeIO.BuildingBox,909,3,1 151,1,1 076,3,1
mindustry.io.TypeIO.UnitBox,0,1,1,1,1 077,1,1
mindustry.io.versions.LegacyIO,909,1,1 151,2,1 076,1,2
mindustry.io.versions.LegacyRegionSaveVersion,909,7,1 151,3,1 076,5,1
mindustry.io.versions.LegacySaveVersion,909,11,1 151,3,1 076,8,1
mindustry.io.versions.LegacySaveVersion2,909,3,1 151,2,1 076,2,1
mindustry.io.versions.Save1,909,1,1 151,1,1 076,1,1
mindustry.io.versions.Save10,909,1,1 151,1,1 076,1,1
mindustry.io.versions.Save2,909,1,1 151,1,1 076,1,1
mindustry.io.versions.Save3,909,6,1 151,1,1 076,4,1
mindustry.io.versions.Save4,909,2,1 151,1,1 076,2,1
mindustry.io.versions.Save5,909,1,1 151,1,1 076,1,1
mindustry.io.versions.Save6,909,1,1 151,1,1 076,1,1
mindustry.io.versions.Save7,909,1,1 151,1,1 076,1,1
mindustry.io.versions.Save8,909,1,1 151,1,1 076,1,1
mindustry.io.versions.Save9,909,1,1 151,1,1 076,1,1
mindustry.io.versions.ShortChunkSaveVersion,909,11,1 151,4,1 076,7,1
mindustry.logic.ConditionOp,909,3,1 151,4,1 076,1,1
mindustry.logic.CutsceneAction,0,0,0,2,2,0,1
mindustry.logic.FetchType,0,0,0,2,2,0,1
mindustry.logic.GlobalVars,909,21,1 151,18,1 076,9,8
mindustry.logic.GlobalVars.VarEntry,0,0,0,2,1 077,0,1
mindustry.logic.GlobalVarsDialog,909,6,1 151,1,1 076,5,1
mindustry.logic.LAccess,0,1,1,54,1 077,0,17
mindustry.logic.LAssembler,909,6,1 151,57,1 076,2,3
mindustry.logic.LCanvas,909,8,1 151,12,1 076,3,1
mindustry.logic.LCanvas.DragLayout,909,3,1 151,4,1 076,1,1
mindustry.logic.LCanvas.JumpButton,909,5,1 151,2,1 076,2,1
mindustry.logic.LCanvas.JumpCurve,909,4,1 151,3,1 076,1,1
mindustry.logic.LCanvas.StatementElem,909,6,1 151,6,1 076,2,1
mindustry.logic.LCategory,0,1,1,52,1 077,1,1
mindustry.logic.LExecutor,909,20,1 151,61,1 076,8,3
mindustry.logic.LExecutor.ApplyEffectI,0,6,1 152,1,1,4,1
mindustry.logic.LExecutor.ClientDataI,0,3,1 152,1,1,1,1
mindustry.logic.LExecutor.ControlI,0,5,1 152,1,1,2,1
mindustry.logic.LExecutor.CutsceneI,0,8,1 153,1,1,4,1
mindustry.logic.LExecutor.DrawFlushI,0,5,1 152,1,1,3,1
mindustry.logic.LExecutor.DrawI,0,8,1 152,1,1,5,1
mindustry.logic.LExecutor.EffectI,0,6,1 152,1,1,3,1
mindustry.logic.LExecutor.EndI,0,4,1 152,1,1,1,1
mindustry.logic.LExecutor.ExplosionI,0,7,1 152,1,1,5,1
mindustry.logic.LExecutor.FetchI,0,8,1 153,1,1,4,1
mindustry.logic.LExecutor.FlushMessageI,0,10,1 153,1,1,5,1
mindustry.logic.LExecutor.FormatI,0,4,1 152,1,1,1,1
mindustry.logic.LExecutor.GetBlockI,0,7,1 153,1,1,4,1
mindustry.logic.LExecutor.GetFlagI,0,6,1 152,1,1,4,1
mindustry.logic.LExecutor.GetLinkI,0,4,1 152,1,1,1,1
mindustry.logic.LExecutor.JumpI,909,4,1 151,1,1 076,1,1
mindustry.logic.LExecutor.LocalePrintI,0,7,1 152,1,1,4,1
mindustry.logic.LExecutor.LookupI,0,6,1 152,1,1,3,1
mindustry.logic.LExecutor.MakeMarkerI,0,9,1 152,1,1,4,1
mindustry.logic.LExecutor.NoopI,909,2,1 151,1,1 076,1,1
mindustry.logic.LExecutor.OpI,0,7,1 156,1,1,1,1
mindustry.logic.LExecutor.PackColorI,0,3,1 152,1,1,1,1
mindustry.logic.LExecutor.PlaySoundI,0,4,1 152,1,1,2,1
mindustry.logic.LExecutor.PrintCharI,0,4,1 152,1,1,2,1
mindustry.logic.LExecutor.PrintFlushI,0,4,1 152,1,1,2,1
mindustry.logic.LExecutor.PrintI,909,6,1 151,5,1 076,3,1
mindustry.logic.LExecutor.RadarI,0,16,1 157,2,2,6,1
mindustry.logic.LExecutor.ReadI,0,4,1 152,1,1,1,1
mindustry.logic.LExecutor.SelectI,0,4,1 152,1,1,1,1
mindustry.logic.LExecutor.SenseI,0,6,1 152,1,1,2,1
mindustry.logic.LExecutor.SenseWeatherI,0,4,1 152,1,1,2,1
mindustry.logic.LExecutor.SetBlockI,0,13,1 153,1,1,8,1
mindustry.logic.LExecutor.SetFlagI,0,6,1 152,1,1,4,1
mindustry.logic.LExecutor.SetI,0,3,1 152,1,1,1,1
mindustry.logic.LExecutor.SetMarkerI,0,9,1 152,1,1,4,1
mindustry.logic.LExecutor.SetPropI,0,6,1 153,1,1,2,1
mindustry.logic.LExecutor.SetRateI,0,5,1 152,1,1,2,1
mindustry.logic.LExecutor.SetRuleI,0,14,1 153,1,1,7,1
mindustry.logic.LExecutor.SetWeatherI,0,4,1 152,1,1,2,1
mindustry.logic.LExecutor.SpawnUnitI,0,10,1 152,1,1,8,1
mindustry.logic.LExecutor.SpawnWaveI,0,11,1 152,1,1,6,1
mindustry.logic.LExecutor.StopI,0,3,1 152,1,1,1,1
mindustry.logic.LExecutor.SyncI,0,3,1 152,1,1,1,1
mindustry.logic.LExecutor.UnitBindI,0,10,1 152,1,1,6,1
mindustry.logic.LExecutor.UnitControlI,0,20,1 152,3,6,14,1
mindustry.logic.LExecutor.UnitLocateI,0,15,1 155,1,1,9,1
mindustry.logic.LExecutor.UnitLocateI.Cache,0,0,0,1,2,0,1
mindustry.logic.LExecutor.UnpackColorI,0,3,1 152,1,1,1,1
mindustry.logic.LExecutor.WaitI,0,3,1 152,1,1,1,1
mindustry.logic.LExecutor.WriteI,0,4,1 152,1,1,1,1
mindustry.logic.LLocate,0,0,0,2,2,0,1
mindustry.logic.LMarkerControl,0,0,0,14,1 077,0,3
mindustry.logic.LParser,909,7,1 151,1,1 076,1,1
mindustry.logic.LParser.JumpIndex,909,1,1 151,1,1 076,1,1
mindustry.logic.LStatement,909,10,1 151,57,1 076,6,2
mindustry.logic.LStatements,0,0,0,0,0,0,0
mindustry.logic.LStatements.ApplyStatusStatement,0,10,1 153,0,0,6,0
mindustry.logic.LStatements.ClientDataStatement,0,8,1 153,0,0,4,0
mindustry.logic.LStatements.CommentStatement,0,4,1 152,0,0,2,0
mindustry.logic.LStatements.ControlStatement,0,8,1 153,0,0,2,0
mindustry.logic.LStatements.CutsceneStatement,0,7,1 154,0,0,2,0
mindustry.logic.LStatements.DrawFlushStatement,0,5,1 153,0,0,1,0
mindustry.logic.LStatements.DrawStatement,0,7,1 153,0,0,3,0
mindustry.logic.LStatements.EffectStatement,0,11,1 153,0,0,5,0
mindustry.logic.LStatements.EndStatement,0,5,1 153,0,0,1,0
mindustry.logic.LStatements.ExplosionStatement,0,5,1 153,0,0,1,0
mindustry.logic.LStatements.FetchStatement,0,7,1 154,0,0,2,0
mindustry.logic.LStatements.FlushMessageStatement,0,7,1 154,0,0,2,0
mindustry.logic.LStatements.FormatStatement,0,5,1 153,0,0,1,0
mindustry.logic.LStatements.GetBlockStatement,0,7,1 154,0,0,2,0
mindustry.logic.LStatements.GetFlagStatement,0,6,1 153,0,0,1,0
mindustry.logic.LStatements.GetLinkStatement,0,5,1 153,0,0,1,0
mindustry.logic.LStatements.InvalidStatement,909,4,1 151,2,1 076,1,1
mindustry.logic.LStatements.JumpStatement,909,9,1 151,4,1 076,2,1
mindustry.logic.LStatements.LocalePrintStatement,0,5,1 153,0,0,1,0
mindustry.logic.LStatements.LookupStatement,0,8,1 153,0,0,3,0
mindustry.logic.LStatements.MakeMarkerStatement,0,7,1 153,0,0,3,0
mindustry.logic.LStatements.OperationStatement,0,8,1 157,0,0,2,0
mindustry.logic.LStatements.PackColorStatement,0,5,1 153,0,0,1,0
mindustry.logic.LStatements.PlaySoundStatement,0,7,1 153,0,0,2,0
mindustry.logic.LStatements.PrintCharStatement,0,6,1 153,0,0,2,0
mindustry.logic.LStatements.PrintFlushStatement,0,5,1 153,0,0,1,0
mindustry.logic.LStatements.PrintStatement,0,5,1 152,0,0,1,0
mindustry.logic.LStatements.RadarStatement,0,8,1 158,1,1,2,1
mindustry.logic.LStatements.ReadStatement,0,5,1 153,0,0,1,0
mindustry.logic.LStatements.SelectStatement,0,7,1 153,0,0,1,0
mindustry.logic.LStatements.SensorStatement,0,17,1 153,0,0,7,0
mindustry.logic.LStatements.SetBlockStatement,0,7,1 154,0,0,2,0
mindustry.logic.LStatements.SetFlagStatement,0,6,1 153,0,0,1,0
mindustry.logic.LStatements.SetMarkerStatement,0,9,1 153,0,0,3,0
mindustry.logic.LStatements.SetPropStatement,0,15,1 154,0,0,6,0
mindustry.logic.LStatements.SetRateStatement,0,5,1 153,0,0,1,0
mindustry.logic.LStatements.SetRuleStatement,0,7,1 154,0,0,2,0
mindustry.logic.LStatements.SetStatement,0,5,1 153,0,0,1,0
mindustry.logic.LStatements.SpawnUnitStatement,0,6,1 153,0,0,1,0
mindustry.logic.LStatements.SpawnWaveStatement,0,5,1 153,0,0,1,0
mindustry.logic.LStatements.StopStatement,0,5,1 153,0,0,1,0
mindustry.logic.LStatements.SyncStatement,0,5,1 153,0,0,1,0
mindustry.logic.LStatements.UnitBindStatement,0,11,1 153,0,0,6,0
mindustry.logic.LStatements.UnitControlStatement,0,12,1 153,0,0,5,0
mindustry.logic.LStatements.UnitLocateStatement,0,13,1 156,0,0,7,0
mindustry.logic.LStatements.UnitRadarStatement,0,5,1 159,0,0,1,0
mindustry.logic.LStatements.UnpackColorStatement,0,5,1 153,0,0,1,0
mindustry.logic.LStatements.WaitStatement,0,5,1 153,0,0,1,0
mindustry.logic.LStatements.WeatherSenseStatement,0,10,1 153,0,0,6,0
mindustry.logic.LStatements.WeatherSetStatement,0,10,1 153,0,0,6,0
mindustry.logic.LStatements.WriteStatement,0,5,1 153,0,0,1,0
mindustry.logic.LUnitControl,0,0,0,3,1 077,0,2
mindustry.logic.LVar,909,2,1 151,60,1 076,1,3
mindustry.logic.LogicDialog,909,22,1 151,3,1 076,10,3
mindustry.logic.LogicFx,909,3,1 151,2,1 076,3,2
mindustry.logic.LogicFx.EffectEntry,909,1,1 151,5,1 076,1,2
mindustry.logic.LogicOp,0,4,1 155,2,2,1,1
mindustry.logic.LogicRule,0,0,0,2,2,0,1
mindustry.logic.MessageType,0,0,0,2,2,0,1
mindustry.logic.RadarSort,0,1,1,2,3,1,1
mindustry.logic.RadarTarget,0,2,1 153,2,3,2,1
mindustry.logic.TileLayer,0,0,0,4,4,0,1
mindustry.maps.Map,909,15,1 151,36,1 076,11,14
mindustry.maps.MapException,909,1,1 151,2,1 076,1,2
mindustry.maps.MapPreviewLoader,909,9,1 151,3,1 076,6,2
mindustry.maps.MapPreviewLoader.MapPreviewParameter,909,1,1 151,2,1 076,1,1
mindustry.maps.Maps,909,40,1 151,19,1 076,12,8
mindustry.maps.Maps.ShuffleMode,909,5,1 151,2,1 076,3,2
mindustry.maps.SectorDamage,909,34,1 151,5,1 076,15,3
mindustry.maps.SectorSubmissions,909,6,1 151,2,1 076,4,2
mindustry.maps.SectorSubmissions.MapSubmission,0,0,0,1,1 077,0,1
mindustry.maps.filters.BlendFilter,909,8,1 151,1,1 076,3,1
mindustry.maps.filters.ClearFilter,909,6,1 151,1,1 076,3,1
mindustry.maps.filters.CoreSpawnFilter,909,9,1 151,1,1 076,6,1
mindustry.maps.filters.DistortFilter,909,6,1 151,1,1 076,2,1
mindustry.maps.filters.EnemySpawnFilter,909,7,1 151,1,1 076,3,1
mindustry.maps.filters.FilterOption,909,6,1 151,21,1 076,5,2
mindustry.maps.filters.FilterOption.BlockOption,909,9,1 151,8,1 076,7,1
mindustry.maps.filters.FilterOption.SliderOption,909,3,1 151,12,1 076,3,1
mindustry.maps.filters.FilterOption.ToggleOption,909,1,1 151,2,1 076,1,1
mindustry.maps.filters.GenerateFilter,909,10,1 151,22,1 076,6,5
mindustry.maps.filters.GenerateFilter.GenerateInput,909,3,1 151,19,1 076,2,3
mindustry.maps.filters.GenerateFilter.PackTileStruct,0,0,0,0,0,0,0
mindustry.maps.filters.LogicFilter,909,13,1 151,1,1 076,5,1
mindustry.maps.filters.MedianFilter,909,9,1 151,1,1 076,5,1
mindustry.maps.filters.MirrorFilter,909,8,1 151,1,1 076,3,1
mindustry.maps.filters.NoiseFilter,909,7,1 151,1,1 076,3,1
mindustry.maps.filters.OreFilter,909,8,1 151,1,1 076,4,1
mindustry.maps.filters.OreMedianFilter,909,10,1 151,1,1 076,6,1
mindustry.maps.filters.RandomItemFilter,0,9,1 152,0,0,4,0
mindustry.maps.filters.RiverNoiseFilter,909,7,1 151,1,1 076,3,1
mindustry.maps.filters.ScatterFilter,909,7,1 151,1,1 076,3,1
mindustry.maps.filters.SpawnPathFilter,909,17,1 151,1,1 076,9,1
mindustry.maps.filters.TerrainFilter,909,7,1 151,1,1 076,3,1
mindustry.maps.generators.BaseGenerator,909,33,1 151,1,1 076,14,1
mindustry.maps.generators.BasicGenerator,909,17,1 151,7,1 076,9,3
mindustry.maps.generators.BlankPlanetGenerator,909,6,1 151,1,1 076,4,1
mindustry.maps.generators.FileMapGenerator,909,25,1 151,6,1 076,12,6
mindustry.maps.generators.PlanetGenerator,909,30,1 151,13,1 076,12,8
mindustry.maps.planet.AsteroidGenerator,909,17,1 151,2,1 076,10,2
mindustry.maps.planet.ErekirPlanetGenerator,909,24,1 151,1,1 076,12,1
mindustry.maps.planet.SerpuloPlanetGenerator,909,33,1 151,1,1 076,13,1
mindustry.maps.planet.TantrosPlanetGenerator,909,12,1 151,1,1 076,8,1
mindustry.mod.ClassLoaderCloser,0,0,0,1,1 077,0,1
mindustry.mod.ClassMap,909,496,1 151,1,1 076,31,1
mindustry.mod.ContentParser,909,106,1 151,1,1 076,28,1
mindustry.mod.ContentParser.UnitReq,909,3,1 151,1,1 076,2,1
mindustry.mod.Mod,909,2,1 151,8,1 076,2,5
mindustry.mod.ModClassLoader,0,0,0,1,1 077,0,1
mindustry.mod.ModListing,0,0,0,1,1 077,0,1
mindustry.mod.Mods,909,39,1 151,24,1 076,10,13
mindustry.mod.Mods.LoadedMod,909,9,1 151,26,1 076,5,15
mindustry.mod.Mods.ModDependency,0,0,0,2,1 078,0,1
mindustry.mod.Mods.ModLoadException,0,0,0,1,1 077,0,1
mindustry.mod.Mods.ModMeta,909,1,1 151,9,1 076,1,6
mindustry.mod.Mods.ModResolutionContext,0,2,2,1,1 077,1,1
mindustry.mod.Mods.ModState,0,0,0,4,1 078,0,2
mindustry.mod.Plugin,909,1,1 151,1,1 076,1,1
mindustry.mod.Scripts,909,4,1 151,5,1 076,3,4
mindustry.mod.Scripts.ScriptModuleProvider,909,4,1 151,1,1 076,2,1
mindustry.net.Administration,909,12,1 151,14,1 076,4,8
mindustry.net.Administration.ActionType,0,0,0,4,1 077,0,3
mindustry.net.Administration.Config,909,2,1 151,7,1 076,2,3
mindustry.net.Administration.PlayerAction,909,5,1 151,4,1 076,4,3
mindustry.net.Administration.PlayerInfo,0,0,0,7,1 077,0,5
mindustry.net.Administration.TraceInfo,0,0,0,4,1 077,0,3
mindustry.net.ArcNetProvider,909,17,1 151,4,1 076,4,3
mindustry.net.ArcNetProvider.ArcConnection,909,6,1 151,1,1 076,1,1
mindustry.net.ArcNetProvider.PacketSerializer,909,4,1 151,3,1 076,1,2
mindustry.net.BeControl,909,11,1 151,2,1 076,7,2
mindustry.net.CrashHandler,0,7,1 152,3,3,4,3
mindustry.net.Host,909,2,1 151,9,1 076,2,5
mindustry.net.Net,909,17,1 151,86,1 076,5,32
mindustry.net.NetConnection,909,9,1 151,13,1 076,4,7
mindustry.net.NetworkIO,909,22,1 151,3,1 076,9,2
mindustry.net.Packet,909,1,1 151,10,1 076,1,2
mindustry.net.Packets,0,0,0,0,0,0,0
mindustry.net.Packets.AdminAction,0,0,0,5,1 078,0,4
mindustry.net.Packets.Connect,909,1,1 151,4,1 076,1,3
mindustry.net.Packets.ConnectPacket,909,4,1 151,5,1 076,3,4
mindustry.net.Packets.Disconnect,909,1,1 151,4,1 076,1,3
mindustry.net.Packets.KickReason,0,0,0,11,1 077,0,7
mindustry.net.Packets.StreamBegin,909,1,1 151,4,1 076,1,1
mindustry.net.Packets.StreamChunk,909,2,1 151,5,1 076,1,2
mindustry.net.Packets.WorldStream,909,1,1 151,3,1 076,1,2
mindustry.net.ServerGroup,0,1,1,2,1 077,0,2
mindustry.net.Streamable,909,1,1 151,6,1 076,1,2
mindustry.net.Streamable.StreamBuilder,909,3,1 151,1,1 076,1,1
mindustry.net.ValidateException,0,0,0,3,1 077,0,3
mindustry.net.WorldReloader,909,6,1 151,2,1 076,4,2
mindustry.service.Achievement,909,5,1 151,4,1 076,4,3
mindustry.service.GameService,909,74,1 151,4,1 076,18,3
mindustry.service.SStat,909,3,1 151,2,1 076,2,1
mindustry.type.Category,0,1,1,8,1 077,0,8
mindustry.type.CellLiquid,909,9,1 151,2,1 076,8,2
mindustry.type.ErrorContent,909,2,1 151,2,1 076,1,1
mindustry.type.Item,909,16,1 151,137,1 076,10,38
mindustry.type.ItemSeq,909,10,1 151,17,1 076,6,9
mindustry.type.ItemStack,909,4,1 151,64,1 076,3,26
mindustry.type.Liquid,909,16,1 151,77,1 076,8,30
mindustry.type.LiquidStack,909,4,1 151,16,1 076,3,9
mindustry.type.MapLocales,0,0,0,10,1 077,0,7
mindustry.type.PayloadSeq,909,6,1 151,5,1 076,4,4
mindustry.type.PayloadStack,909,4,1 151,11,1 076,2,6
mindustry.type.Planet,909,33,1 151,62,1 076,13,23
mindustry.type.Planet.PlanetData,0,0,0,3,1 077,0,2
mindustry.type.Sector,909,24,1 151,57,1 076,12,18
mindustry.type.Sector.SectorRect,0,0,0,5,1 077,0,5
mindustry.type.SectorPreset,909,11,1 151,31,1 076,5,17
mindustry.type.StatusEffect,909,16,1 151,26,1 076,9,21
mindustry.type.TeamEntry,909,4,1 151,3,1 076,2,2
mindustry.type.UnitType,909,76,1 151,98,1 076,25,32
mindustry.type.UnitType.UnitEngine,909,1,1 151,3,1 076,1,3
mindustry.type.Weapon,909,27,1 151,19,1 076,14,9
mindustry.type.Weather,909,16,1 151,21,1 076,10,10
mindustry.type.Weather.WeatherEntry,909,2,1 151,5,1 076,2,5
mindustry.type.Weather.WeatherStateComp,0,4,1 152,0,0,4,0
mindustry.type.ammo.ItemAmmoType,909,7,1 151,5,1 076,5,4
mindustry.type.ammo.PowerAmmoType,909,5,1 151,3,1 076,4,2
mindustry.type.unit.ErekirUnitType,909,5,1 151,3,1 076,5,3
mindustry.type.unit.MissileUnitType,909,5,1 151,1,1 076,5,1
mindustry.type.unit.NeoplasmUnitType,909,9,1 151,1,1 076,5,1
mindustry.type.unit.TankUnitType,909,3,1 151,1,1 076,3,1
mindustry.type.weapons.BuildWeapon,909,3,1 151,1,1 076,3,1
mindustry.type.weapons.MineWeapon,909,3,1 151,1,1 076,3,1
mindustry.type.weapons.PointDefenseBulletWeapon,909,2,1 151,1,1 076,2,1
mindustry.type.weapons.PointDefenseWeapon,909,8,1 151,1,1 076,8,1
mindustry.type.weapons.RepairBeamWeapon,909,15,1 151,2,1 076,11,2
mindustry.type.weapons.RepairBeamWeapon.HealBeamMount,909,2,1 151,2,1 076,2,2
mindustry.type.weather.MagneticStorm,909,1,1 151,1,1 076,1,1
mindustry.type.weather.ParticleWeather,909,2,1 151,3,1 076,2,2
mindustry.type.weather.RainWeather,909,5,1 151,1,1 076,3,1
mindustry.type.weather.SolarFlare,909,1,1 151,1,1 076,1,1
mindustry.ui.Bar,909,1,1 151,40,1 076,1,15
mindustry.ui.BorderImage,0,1,1,7,1 077,1,2
mindustry.ui.CoreItemsDisplay,909,7,1 151,1,1 076,6,1
mindustry.ui.Fonts,909,3,1 151,38,1 076,3,18
mindustry.ui.GridImage,0,0,0,1,1 077,0,1
mindustry.ui.IntFormat,0,0,0,1,1 077,0,1
mindustry.ui.ItemsDisplay,909,9,1 151,2,1 076,6,1
mindustry.ui.Links,0,2,2,1,1 077,2,1
mindustry.ui.Links.LinkEntry,0,0,0,2,1 078,0,2
mindustry.ui.Menus,0,10,1 156,0,0,6,0
mindustry.ui.Minimap,909,8,1 151,1,1 076,5,1
mindustry.ui.MobileButton,0,0,0,1,1 077,0,1
mindustry.ui.MultiReqImage,0,1,2,5,1 077,1,2
mindustry.ui.ReqImage,0,1,1,14,1 078,1,4
mindustry.ui.Styles,909,2,1 151,103,1 076,2,19
mindustry.ui.WarningBar,0,1,1,1,1 077,1,1
mindustry.ui.dialogs.AboutDialog,909,8,1 151,1,1 076,6,1
mindustry.ui.dialogs.AdminsDialog,909,6,1 151,1,1 076,4,1
mindustry.ui.dialogs.BansDialog,909,6,1 151,1,1 076,4,1
mindustry.ui.dialogs.BaseDialog,909,6,1 151,52,1 076,5,9
mindustry.ui.dialogs.CampaignCompleteDialog,909,9,1 151,2,1 076,7,1
mindustry.ui.dialogs.CampaignRulesDialog,909,7,1 151,1,1 076,6,1
mindustry.ui.dialogs.ColorPicker,909,1,1 151,6,1 076,1,6
mindustry.ui.dialogs.ContentInfoDialog,909,10,1 151,7,1 076,6,5
mindustry.ui.dialogs.CustomGameDialog,909,3,1 151,1,1 076,2,1
mindustry.ui.dialogs.CustomRulesDialog,909,27,1 151,3,1 076,12,2
mindustry.ui.dialogs.DatabaseDialog,909,17,1 151,1,1 076,9,1
mindustry.ui.dialogs.DiscordDialog,909,3,1 151,1,1 076,3,1
mindustry.ui.dialogs.EditorMapsDialog,909,13,1 151,1,1 076,8,1
mindustry.ui.dialogs.EffectsDialog,909,10,1 151,3,1 076,6,3
mindustry.ui.dialogs.EffectsDialog.BoundsBatch,0,0,0,1,1 077,0,1
mindustry.ui.dialogs.EffectsDialog.EffectCell,909,3,1 151,1,1 076,3,1
mindustry.ui.dialogs.FileChooser,909,4,1 151,2,1 076,2,2
mindustry.ui.dialogs.FileChooser.FileHistory,909,1,1 151,1,1 076,1,1
mindustry.ui.dialogs.FullTextDialog,909,1,1 151,2,1 076,1,2
mindustry.ui.dialogs.GameOverDialog,909,22,1 151,2,1 076,8,1
mindustry.ui.dialogs.GameOverDialog.StatLabel,909,2,1 151,1,1 076,2,1
mindustry.ui.dialogs.HostDialog,909,11,1 151,1,1 076,7,1
mindustry.ui.dialogs.IconSelectDialog,909,6,1 151,1,1 076,5,1
mindustry.ui.dialogs.JoinDialog,909,20,1 151,4,1 076,9,3
mindustry.ui.dialogs.JoinDialog.Server,909,2,1 151,2,1 076,2,2
mindustry.ui.dialogs.KeybindDialog,909,2,1 151,1,1 076,2,1
mindustry.ui.dialogs.LanguageDialog,909,4,1 151,2,1 076,4,2
mindustry.ui.dialogs.LaunchLoadoutDialog,909,24,1 151,1,1 076,12,1
mindustry.ui.dialogs.LoadDialog,909,19,1 151,4,1 076,8,3
mindustry.ui.dialogs.LoadoutDialog,909,10,1 151,2,1 076,6,1
mindustry.ui.dialogs.MapListDialog,909,11,1 151,2,1 076,8,1
mindustry.ui.dialogs.MapPlayDialog,909,10,1 151,2,1 076,6,2
mindustry.ui.dialogs.ModsDialog,909,23,1 151,2,1 076,11,2
mindustry.ui.dialogs.PaletteDialog,909,3,1 151,2,1 076,2,1
mindustry.ui.dialogs.PausedDialog,909,22,1 151,3,1 076,9,2
mindustry.ui.dialogs.PlanetDialog,909,54,1 151,9,1 076,17,5
mindustry.ui.dialogs.PlanetDialog.Mode,0,0,0,1,1 077,0,1
mindustry.ui.dialogs.ResearchDialog,909,33,1 151,4,1 076,14,2
mindustry.ui.dialogs.ResearchDialog.LayoutNode,909,3,1 151,1,1 076,2,1
mindustry.ui.dialogs.ResearchDialog.TechTreeNode,909,4,1 151,3,1 076,3,1
mindustry.ui.dialogs.ResearchDialog.View,909,21,1 151,1,1 076,11,1
mindustry.ui.dialogs.SaveDialog,909,8,1 151,1,1 076,5,1
mindustry.ui.dialogs.SchematicsDialog,909,22,1 151,4,1 076,10,3
mindustry.ui.dialogs.SchematicsDialog.SchematicImage,909,4,1 151,3,1 076,3,1
mindustry.ui.dialogs.SchematicsDialog.SchematicInfoDialog,909,11,1 151,1,1 076,7,1
mindustry.ui.dialogs.SectorSelectDialog,909,9,1 151,1,1 076,7,1
mindustry.ui.dialogs.SettingsMenuDialog,909,28,1 151,1,1 076,10,1
mindustry.ui.dialogs.SettingsMenuDialog.SettingsCategory,909,1,1 151,1,1 076,1,1
mindustry.ui.dialogs.SettingsMenuDialog.SettingsTable,909,6,1 151,7,1 076,1,1
mindustry.ui.dialogs.SettingsMenuDialog.SettingsTable.AreaTextSetting,909,3,1 151,1,1 076,1,1
mindustry.ui.dialogs.SettingsMenuDialog.SettingsTable.CheckSetting,909,2,1 151,1,1 076,1,1
mindustry.ui.dialogs.SettingsMenuDialog.SettingsTable.Setting,909,3,1 151,5,1 076,3,1
mindustry.ui.dialogs.SettingsMenuDialog.SettingsTable.SliderSetting,909,4,1 151,1,1 076,2,1
mindustry.ui.dialogs.SettingsMenuDialog.SettingsTable.TextSetting,909,2,1 151,2,1 076,1,1
mindustry.ui.dialogs.TraceDialog,909,5,1 151,2,1 076,5,1
mindustry.ui.fragments.BlockConfigFragment,909,3,1 151,9,1 076,3,8
mindustry.ui.fragments.BlockInventoryFragment,909,10,1 151,3,1 076,6,2
mindustry.ui.fragments.ChatFragment,909,10,1 151,10,1 076,7,4
mindustry.ui.fragments.ChatFragment.ChatMode,909,2,1 151,1,1 076,1,1
mindustry.ui.fragments.ConsoleFragment,909,8,1 151,6,1 076,7,5
mindustry.ui.fragments.FadeInFragment,0,0,0,1,1 077,0,1
mindustry.ui.fragments.HintsFragment,909,25,1 151,3,1 076,11,2
mindustry.ui.fragments.HintsFragment.DefaultHint,909,25,1 151,1,1 076,14,1
mindustry.ui.fragments.HudFragment,909,57,1 151,11,1 076,16,7
mindustry.ui.fragments.LoadingFragment,909,5,1 151,14,1 076,2,8
mindustry.ui.fragments.MenuFragment,909,13,1 151,1,1 076,8,1
mindustry.ui.fragments.MenuFragment.MenuButton,0,0,0,1,1 077,0,1
mindustry.ui.fragments.MinimapFragment,909,10,1 151,6,1 076,6,5
mindustry.ui.fragments.PlacementFragment,909,41,1 151,3,1 076,19,3
mindustry.ui.fragments.PlanConfigFragment,909,8,1 151,3,1 076,8,2
mindustry.ui.fragments.PlayerListFragment,909,15,1 151,4,1 076,8,4
mindustry.ui.layout.BranchTreeLayout,0,5,5,1,1 077,1,1
mindustry.ui.layout.BranchTreeLayout.TreeAlignment,0,0,0,1,1 078,0,1
mindustry.ui.layout.BranchTreeLayout.TreeLocation,0,0,0,2,1 078,0,2
mindustry.ui.layout.RadialTreeLayout,0,3,3,0,0,1,0
mindustry.ui.layout.RowTreeLayout,0,2,3,0,0,1,0
mindustry.ui.layout.TreeLayout.TreeNode,0,1,1,8,1 081,0,2
mindustry.world.Block,909,60,1 151,418,1 076,18,48
mindustry.world.Build,909,25,1 151,11,1 076,11,8
mindustry.world.CachedTile,909,6,1 151,3,1 076,3,3
mindustry.world.ColorMapper,909,4,1 151,2,1 076,4,2
mindustry.world.DirectionalItemBuffer,909,4,1 151,3,1 076,3,1
mindustry.world.DirectionalItemBuffer.BufferItemLegacyStruct,0,0,0,0,0,0,0
mindustry.world.DirectionalItemBuffer.BufferItemStruct,0,0,0,0,0,0,0
mindustry.world.Edges,909,5,1 151,18,1 076,3,8
mindustry.world.ItemBuffer,909,4,1 151,1,1 076,3,1
mindustry.world.ItemBuffer.TimeItemStruct,0,0,0,0,0,0,0
mindustry.world.Tile,909,28,1 151,225,1 076,12,41
mindustry.world.Tile.PackedTileDataStruct,0,0,0,0,0,0,0
mindustry.world.TileGen,909,2,1 151,4,1 076,2,2
mindustry.world.Tiles,909,3,1 151,38,1 076,1,13
mindustry.world.Tiles.TileIterator,909,3,1 151,1,1 076,1,1
mindustry.world.WorldParams,0,0,0,9,1 077,0,4
mindustry.world.blocks.Attributes,909,2,1 151,18,1 076,1,11
mindustry.world.blocks.Autotiler.AutotilerHolder,909,1,1 151,2,1 076,1,2
mindustry.world.blocks.Autotiler.SliceMode,0,0,0,6,1 077,0,4
mindustry.world.blocks.ConstructBlock,909,13,1 151,11,1 076,9,8
mindustry.world.blocks.ConstructBlock.ConstructBuild,909,25,1 151,15,1 076,17,11
mindustry.world.blocks.ItemSelection,909,8,1 151,14,1 076,7,8
mindustry.world.blocks.TileBitmask,0,0,0,4,1 077,0,2
mindustry.world.blocks.campaign.Accelerator,909,10,1 151,3,1 076,8,3
mindustry.world.blocks.campaign.Accelerator.AcceleratorBuild,909,30,1 151,1,1 076,15,1
mindustry.world.blocks.campaign.LandingPad,909,21,1 151,3,1 076,13,3
mindustry.world.blocks.campaign.LandingPad.LandingPadBuild,909,24,1 151,2,1 076,15,2
mindustry.world.blocks.campaign.LaunchPad,909,10,1 151,4,1 076,7,3
mindustry.world.blocks.campaign.LaunchPad.LaunchPadBuild,909,19,1 151,2,1 076,14,2
mindustry.world.blocks.campaign.LaunchPad.LaunchPayloadComp,0,16,1 152,0,0,8,0
mindustry.world.blocks.defense.AutoDoor,909,7,1 151,2,1 076,5,2
mindustry.world.blocks.defense.AutoDoor.AutoDoorBuild,909,6,1 151,2,1 076,6,2
mindustry.world.blocks.defense.BaseShield,909,5,1 151,3,1 076,5,3
mindustry.world.blocks.defense.BaseShield.BaseShieldBuild,909,7,1 151,2,1 076,6,2
mindustry.world.blocks.defense.BuildTurret,909,9,1 151,3,1 076,6,3
mindustry.world.blocks.defense.BuildTurret.BuildTurretBuild,909,20,1 151,1,1 076,12,1
mindustry.world.blocks.defense.DirectionalForceProjector,909,14,1 151,3,1 076,9,3
mindustry.world.blocks.defense.DirectionalForceProjector.DirectionalForceProjectorBuild,909,6,1 151,2,1 076,6,2
mindustry.world.blocks.defense.Door,909,10,1 151,4,1 076,8,4
mindustry.world.blocks.defense.Door.DoorBuild,909,6,1 151,2,1 076,6,2
mindustry.world.blocks.defense.ForceProjector,909,18,1 151,4,1 076,10,4
mindustry.world.blocks.defense.ForceProjector.ForceBuild,909,15,1 151,2,1 076,11,2
mindustry.world.blocks.defense.MendProjector,909,14,1 151,4,1 076,7,4
mindustry.world.blocks.defense.MendProjector.MendBuild,909,8,1 151,1,1 076,7,1
mindustry.world.blocks.defense.OverdriveProjector,909,16,1 151,3,1 076,9,3
mindustry.world.blocks.defense.OverdriveProjector.OverdriveBuild,909,5,1 151,2,1 076,5,2
mindustry.world.blocks.defense.Radar,909,5,1 151,2,1 076,4,2
mindustry.world.blocks.defense.Radar.RadarBuild,909,7,1 151,1,1 076,5,1
mindustry.world.blocks.defense.RegenProjector,909,19,1 151,3,1 076,10,3
mindustry.world.blocks.defense.RegenProjector.RegenProjectorBuild,909,7,1 151,1,1 076,6,1
mindustry.world.blocks.defense.ShieldWall,909,5,1 151,2,1 076,4,2
mindustry.world.blocks.defense.ShieldWall.ShieldWallBuild,909,7,1 151,1,1 076,5,1
mindustry.world.blocks.defense.ShockMine,909,3,1 151,4,1 076,3,4
mindustry.world.blocks.defense.ShockMine.ShockMineBuild,909,2,1 151,1,1 076,2,1
mindustry.world.blocks.defense.ShockwaveTower,909,10,1 151,3,1 076,7,3
mindustry.world.blocks.defense.ShockwaveTower.ShockwaveTowerBuild,909,9,1 151,1,1 076,7,1
mindustry.world.blocks.defense.Thruster,909,3,1 151,2,1 076,3,2
mindustry.world.blocks.defense.Thruster.ThrusterBuild,909,2,1 151,1,1 076,1,1
mindustry.world.blocks.defense.Wall,909,10,1 151,8,1 076,5,4
mindustry.world.blocks.defense.Wall.WallBuild,909,5,1 151,4,1 076,5,3
mindustry.world.blocks.defense.turrets.BaseTurret,909,18,1 151,22,1 076,10,4
mindustry.world.blocks.defense.turrets.BaseTurret.BaseTurretBuild,909,4,1 151,11,1 076,4,5
mindustry.world.blocks.defense.turrets.ContinuousLiquidTurret,909,12,1 151,4,1 076,8,3
mindustry.world.blocks.defense.turrets.ContinuousLiquidTurret.ContinuousLiquidTurretBuild,909,9,1 151,1,1 076,5,1
mindustry.world.blocks.defense.turrets.ContinuousTurret,909,10,1 151,5,1 076,6,3
mindustry.world.blocks.defense.turrets.ContinuousTurret.ContinuousTurretBuild,909,12,1 151,2,1 076,4,2
mindustry.world.blocks.defense.turrets.ItemTurret,909,21,1 151,5,1 076,11,3
mindustry.world.blocks.defense.turrets.ItemTurret.ItemEntry,909,4,1 151,3,1 076,3,2
mindustry.world.blocks.defense.turrets.ItemTurret.ItemTurretBuild,909,13,1 151,2,1 076,9,2
mindustry.world.blocks.defense.turrets.LaserTurret,909,11,1 151,3,1 076,5,3
mindustry.world.blocks.defense.turrets.LaserTurret.LaserTurretBuild,909,14,1 151,1,1 076,6,1
mindustry.world.blocks.defense.turrets.LiquidTurret,909,10,1 151,3,1 076,7,3
mindustry.world.blocks.defense.turrets.LiquidTurret.LiquidTurretBuild,909,12,1 151,1,1 076,8,1
mindustry.world.blocks.defense.turrets.PayloadAmmoTurret,909,16,1 151,2,1 076,10,2
mindustry.world.blocks.defense.turrets.PayloadAmmoTurret.PayloadTurretBuild,909,9,1 151,2,1 076,7,2
mindustry.world.blocks.defense.turrets.PointDefenseTurret,909,9,1 151,4,1 076,6,4
mindustry.world.blocks.defense.turrets.PointDefenseTurret.PointDefenseBuild,909,11,1 151,1,1 076,7,1
mindustry.world.blocks.defense.turrets.PowerTurret,909,7,1 151,4,1 076,5,3
mindustry.world.blocks.defense.turrets.PowerTurret.PowerTurretBuild,909,4,1 151,2,1 076,3,2
mindustry.world.blocks.defense.turrets.ReloadTurret,909,6,1 151,9,1 076,4,3
mindustry.world.blocks.defense.turrets.ReloadTurret.ReloadTurretBuild,909,9,1 151,4,1 076,5,2
mindustry.world.blocks.defense.turrets.TractorBeamTurret,909,10,1 151,3,1 076,7,3
mindustry.world.blocks.defense.turrets.TractorBeamTurret.TractorBeamBuild,909,15,1 151,1,1 076,11,1
mindustry.world.blocks.defense.turrets.Turret,909,23,1 151,18,1 076,13,6
mindustry.world.blocks.defense.turrets.Turret.AmmoEntry,909,1,1 151,5,1 076,1,2
mindustry.world.blocks.defense.turrets.Turret.BulletEntry,0,0,0,4,1 077,0,2
mindustry.world.blocks.defense.turrets.Turret.TurretBuild,909,30,1 151,13,1 076,15,5
mindustry.world.blocks.distribution.ArmoredConveyor,909,5,1 151,1,1 076,3,1
mindustry.world.blocks.distribution.ArmoredConveyor.ArmoredConveyorBuild,909,5,1 151,1,1 076,3,1
mindustry.world.blocks.distribution.BufferedItemBridge,909,6,1 151,3,1 076,4,3
mindustry.world.blocks.distribution.BufferedItemBridge.BufferedItemBridgeBuild,909,4,1 151,1,1 076,3,1
mindustry.world.blocks.distribution.Conveyor,909,17,1 151,8,1 076,9,5
mindustry.world.blocks.distribution.Conveyor.ConveyorBuild,909,15,1 151,3,1 076,9,2
mindustry.world.blocks.distribution.DirectionBridge,909,13,1 151,8,1 076,9,5
mindustry.world.blocks.distribution.DirectionBridge.DirectionBridgeBuild,909,6,1 151,4,1 076,4,2
mindustry.world.blocks.distribution.DirectionLiquidBridge,909,3,1 151,3,1 076,3,3
mindustry.world.blocks.distribution.DirectionLiquidBridge.DuctBridgeBuild,909,7,1 151,1,1 076,5,1
mindustry.world.blocks.distribution.DirectionalUnloader,909,11,1 151,3,1 076,7,3
mindustry.world.blocks.distribution.DirectionalUnloader.DirectionalUnloaderBuild,909,9,1 151,2,1 076,8,2
mindustry.world.blocks.distribution.Duct,909,19,1 151,4,1 076,9,3
mindustry.world.blocks.distribution.Duct.DuctBuild,909,10,1 151,1,1 076,8,1
mindustry.world.blocks.distribution.DuctBridge,909,6,1 151,5,1 076,4,3
mindustry.world.blocks.distribution.DuctBridge.DuctBridgeBuild,909,4,1 151,1,1 076,3,1
mindustry.world.blocks.distribution.DuctJunction,909,7,1 151,3,1 076,4,2
mindustry.world.blocks.distribution.DuctJunction.DuctJunctionBuild,909,6,1 151,1,1 076,6,1
mindustry.world.blocks.distribution.DuctRouter,909,12,1 151,5,1 076,7,3
mindustry.world.blocks.distribution.DuctRouter.DuctRouterBuild,909,9,1 151,3,1 076,7,2
mindustry.world.blocks.distribution.ItemBridge,909,16,1 151,10,1 076,10,6
mindustry.world.blocks.distribution.ItemBridge.ItemBridgeBuild,909,12,1 151,4,1 076,6,3
mindustry.world.blocks.distribution.Junction,909,6,1 151,4,1 076,3,3
mindustry.world.blocks.distribution.Junction.JunctionBuild,909,4,1 151,1,1 076,4,1
mindustry.world.blocks.distribution.MassDriver,909,16,1 151,4,1 076,12,4
mindustry.world.blocks.distribution.MassDriver.DriverBulletData,909,3,1 151,3,1 076,3,3
mindustry.world.blocks.distribution.MassDriver.DriverState,0,0,0,2,1 077,0,2
mindustry.world.blocks.distribution.MassDriver.MassDriverBuild,909,16,1 151,4,1 076,10,3
mindustry.world.blocks.distribution.OverflowDuct,909,9,1 151,3,1 076,5,3
mindustry.world.blocks.distribution.OverflowDuct.OverflowDuctBuild,909,5,1 151,1,1 076,3,1
mindustry.world.blocks.distribution.OverflowGate,909,2,1 151,3,1 076,2,3
mindustry.world.blocks.distribution.OverflowGate.OverflowGateBuild,909,3,1 151,1,1 076,3,1
mindustry.world.blocks.distribution.Router,909,2,1 151,2,1 076,2,2
mindustry.world.blocks.distribution.Router.RouterBuild,909,8,1 151,1,1 076,5,1
mindustry.world.blocks.distribution.Sorter,909,6,1 151,4,1 076,5,4
mindustry.world.blocks.distribution.Sorter.SorterBuild,909,10,1 151,2,1 076,8,2
mindustry.world.blocks.distribution.StackConveyor,909,16,1 151,5,1 076,11,3
mindustry.world.blocks.distribution.StackConveyor.StackConveyorBuild,909,13,1 151,2,1 076,9,2
mindustry.world.blocks.distribution.StackRouter,909,3,1 151,3,1 076,3,3
mindustry.world.blocks.distribution.StackRouter.StackRouterBuild,909,8,1 151,1,1 076,4,1
mindustry.world.blocks.environment.AirBlock,909,4,1 151,2,1 076,3,2
mindustry.world.blocks.environment.CharacterOverlay,909,7,1 151,1,1 076,6,1
mindustry.world.blocks.environment.CharacterOverlay.CharOverlayDataStruct,0,0,0,0,0,0,0
mindustry.world.blocks.environment.Cliff,909,3,1 151,1,1 076,2,1
mindustry.world.blocks.environment.ColoredFloor,0,11,1 152,1,1,8,1
mindustry.world.blocks.environment.ColoredWall,0,5,1 153,0,0,3,0
mindustry.world.blocks.environment.EmptyFloor,909,4,1 151,2,1 076,3,2
mindustry.world.blocks.environment.Floor,909,20,1 151,75,1 076,10,26
mindustry.world.blocks.environment.Floor.UpdateRenderState,909,2,1 151,4,1 076,2,3
mindustry.world.blocks.environment.OreBlock,909,10,1 151,8,1 076,6,8
mindustry.world.blocks.environment.OverlayFloor,909,5,1 151,18,1 076,3,10
mindustry.world.blocks.environment.Prop,909,6,1 151,5,1 076,4,2
mindustry.world.blocks.environment.RemoveOre,909,7,1 151,3,1 076,5,3
mindustry.world.blocks.environment.RemoveWall,909,7,1 151,3,1 076,5,3
mindustry.world.blocks.environment.RuneOverlay,909,7,1 151,1,1 076,6,1
mindustry.world.blocks.environment.SeaBush,909,3,1 151,2,1 076,2,2
mindustry.world.blocks.environment.Seaweed,909,4,1 151,1,1 076,2,1
mindustry.world.blocks.environment.ShallowLiquid,909,5,1 151,3,1 076,4,3
mindustry.world.blocks.environment.SpawnBlock,909,5,1 151,2,1 076,3,2
mindustry.world.blocks.environment.StaticTree,909,5,1 151,2,1 076,3,2
mindustry.world.blocks.environment.StaticWall,909,11,1 151,9,1 076,8,7
mindustry.world.blocks.environment.SteamVent,909,12,1 151,3,1 076,8,3
mindustry.world.blocks.environment.TallBlock,909,5,1 151,3,1 076,3,3
mindustry.world.blocks.environment.TreeBlock,909,4,1 151,2,1 076,2,2
mindustry.world.blocks.environment.WobbleProp,909,4,1 151,1,1 076,2,1
mindustry.world.blocks.heat.HeatConductor,909,7,1 151,4,1 076,6,4
mindustry.world.blocks.heat.HeatConductor.HeatConductorBuild,909,6,1 151,3,1 076,4,3
mindustry.world.blocks.heat.HeatProducer,909,12,1 151,3,1 076,8,3
mindustry.world.blocks.heat.HeatProducer.HeatProducerBuild,909,3,1 151,2,1 076,2,2
mindustry.world.blocks.legacy.LegacyBlock,909,3,1 151,8,1 076,2,6
mindustry.world.blocks.legacy.LegacyCommandCenter,909,2,1 151,1,1 076,2,1
mindustry.world.blocks.legacy.LegacyCommandCenter.CommandBuild,0,0,0,1,1 077,0,1
mindustry.world.blocks.legacy.LegacyMechPad,909,2,1 151,2,1 076,2,2
mindustry.world.blocks.legacy.LegacyMechPad.LegacyMechPadBuild,0,0,0,1,1 077,0,1
mindustry.world.blocks.legacy.LegacyUnitFactory,909,4,1 151,2,1 076,3,2
mindustry.world.blocks.legacy.LegacyUnitFactory.LegacyUnitFactoryBuild,0,0,0,1,1 077,0,1
mindustry.world.blocks.liquid.ArmoredConduit,909,5,1 151,1,1 076,3,1
mindustry.world.blocks.liquid.ArmoredConduit.ArmoredConduitBuild,909,5,1 151,1,1 076,3,1
mindustry.world.blocks.liquid.Conduit,909,14,1 151,6,1 076,11,4
mindustry.world.blocks.liquid.Conduit.ConduitBuild,909,12,1 151,3,1 076,8,3
mindustry.world.blocks.liquid.LiquidBlock,909,7,1 151,14,1 076,6,7
mindustry.world.blocks.liquid.LiquidBlock.LiquidBuild,909,3,1 151,4,1 076,3,3
mindustry.world.blocks.liquid.LiquidBridge,909,4,1 151,1,1 076,3,1
mindustry.world.blocks.liquid.LiquidBridge.LiquidBridgeBuild,909,1,1 151,1,1 076,1,1
mindustry.world.blocks.liquid.LiquidJunction,909,5,1 151,5,1 076,4,2
mindustry.world.blocks.liquid.LiquidJunction.LiquidJunctionBuild,909,3,1 151,1,1 076,3,1
mindustry.world.blocks.liquid.LiquidRouter,909,2,1 151,3,1 076,2,3
mindustry.world.blocks.liquid.LiquidRouter.LiquidRouterBuild,909,5,1 151,1,1 076,3,1
mindustry.world.blocks.logic.CanvasBlock,909,5,1 151,3,1 076,4,3
mindustry.world.blocks.logic.CanvasBlock.CanvasBuild,909,14,1 151,2,1 076,7,2
mindustry.world.blocks.logic.LogicBlock,909,17,1 151,6,1 076,8,5
mindustry.world.blocks.logic.LogicBlock.LogicBuild,909,25,1 151,8,1 076,11,5
mindustry.world.blocks.logic.LogicBlock.LogicLink,0,0,0,3,1 077,0,2
mindustry.world.blocks.logic.LogicDisplay,909,6,1 151,5,1 076,3,4
mindustry.world.blocks.logic.LogicDisplay.DisplayCmdStruct,0,0,0,0,0,0,0
mindustry.world.blocks.logic.LogicDisplay.GraphicsType,0,0,0,2,1 077,0,2
mindustry.world.blocks.logic.LogicDisplay.LogicDisplayBuild,909,11,1 151,4,1 076,7,3
mindustry.world.blocks.logic.MemoryBlock,909,11,1 151,3,1 076,6,3
mindustry.world.blocks.logic.MemoryBlock.MemoryBuild,909,8,1 151,1,1 076,3,1
mindustry.world.blocks.logic.MessageBlock,909,8,1 151,2,1 076,6,2
mindustry.world.blocks.logic.MessageBlock.MessageBuild,909,12,1 151,3,1 076,7,3
mindustry.world.blocks.logic.SwitchBlock,909,8,1 151,2,1 076,6,2
mindustry.world.blocks.logic.SwitchBlock.SwitchBuild,909,2,1 151,2,1 076,2,2
mindustry.world.blocks.logic.TileableLogicDisplay,1,4,1 154,1,1,1,1
mindustry.world.blocks.logic.TileableLogicDisplay.MergeBuffer,0,0,0,2,2,0,1
mindustry.world.blocks.logic.TileableLogicDisplay.TileableLogicDisplayBuild,1,10,1 154,1,1,7,1
mindustry.world.blocks.payloads.BlockProducer,909,12,1 151,5,1 076,10,4
mindustry.world.blocks.payloads.BlockProducer.BlockProducerBuild,909,15,1 151,5,1 076,6,3
mindustry.world.blocks.payloads.BuildPayload,909,11,1 151,15,1 076,8,4
mindustry.world.blocks.payloads.Constructor,909,12,1 151,3,1 076,8,3
mindustry.world.blocks.payloads.Constructor.ConstructorBuild,909,8,1 151,2,1 076,6,2
mindustry.world.blocks.payloads.PayloadBlock,909,10,1 151,27,1 076,6,6
mindustry.world.blocks.payloads.PayloadBlock.PayloadBlockBuild,909,8,1 151,16,1 076,5,4
mindustry.world.blocks.payloads.PayloadConveyor,909,14,1 151,7,1 076,7,5
mindustry.world.blocks.payloads.PayloadConveyor.PayloadConveyorBuild,909,10,1 151,2,1 076,5,2
mindustry.world.blocks.payloads.PayloadDeconstructor,909,5,1 151,3,1 076,4,3
mindustry.world.blocks.payloads.PayloadDeconstructor.PayloadDeconstructorBuild,909,19,1 151,2,1 076,11,2
mindustry.world.blocks.payloads.PayloadLoader,909,9,1 151,4,1 076,6,2
mindustry.world.blocks.payloads.PayloadLoader.PayloadLoaderBuild,909,14,1 151,3,1 076,8,2
mindustry.world.blocks.payloads.PayloadMassDriver,909,22,1 151,3,1 076,12,3
mindustry.world.blocks.payloads.PayloadMassDriver.PayloadDriverBuild,909,15,1 151,2,1 076,8,2
mindustry.world.blocks.payloads.PayloadMassDriver.PayloadDriverState,0,0,0,2,1 077,0,2
mindustry.world.blocks.payloads.PayloadMassDriver.PayloadMassDriverData,909,1,1 151,3,1 076,1,2
mindustry.world.blocks.payloads.PayloadRouter,909,11,1 151,2,1 076,9,2
mindustry.world.blocks.payloads.PayloadRouter.PayloadRouterBuild,909,15,1 151,2,1 076,8,2
mindustry.world.blocks.payloads.PayloadSource,909,12,1 151,1,1 076,9,1
mindustry.world.blocks.payloads.PayloadSource.PayloadSourceBuild,909,14,1 151,2,1 076,9,2
mindustry.world.blocks.payloads.PayloadUnloader,909,2,1 151,2,1 076,2,2
mindustry.world.blocks.payloads.PayloadUnloader.PayloadUnloaderBuild,909,11,1 151,2,1 076,6,2
mindustry.world.blocks.payloads.PayloadVoid,909,4,1 151,2,1 076,4,2
mindustry.world.blocks.payloads.PayloadVoid.PayloadVoidBuild,909,7,1 151,1,1 076,4,1
mindustry.world.blocks.payloads.UnitPayload,909,10,1 151,20,1 076,9,8
mindustry.world.blocks.power.Battery,909,10,1 151,4,1 076,5,4
mindustry.world.blocks.power.Battery.BatteryBuild,909,5,1 151,2,1 076,5,2
mindustry.world.blocks.power.BeamNode,909,18,1 151,4,1 076,10,4
mindustry.world.blocks.power.BeamNode.BeamNodeBuild,909,13,1 151,2,1 076,8,2
mindustry.world.blocks.power.ConsumeGenerator,909,15,1 151,5,1 076,8,4
mindustry.world.blocks.power.ConsumeGenerator.ConsumeGeneratorBuild,909,10,1 151,3,1 076,7,3
mindustry.world.blocks.power.HeaterGenerator,909,13,1 151,3,1 076,7,3
mindustry.world.blocks.power.HeaterGenerator.HeaterGeneratorBuild,909,4,1 151,2,1 076,2,2
mindustry.world.blocks.power.ImpactReactor,909,17,1 151,3,1 076,9,3
mindustry.world.blocks.power.ImpactReactor.ImpactReactorBuild,909,6,1 151,1,1 076,5,1
mindustry.world.blocks.power.LightBlock,909,8,1 151,4,1 076,6,4
mindustry.world.blocks.power.LightBlock.LightBuild,909,11,1 151,2,1 076,8,2
mindustry.world.blocks.power.LongPowerNode,909,3,1 151,2,1 076,3,2
mindustry.world.blocks.power.LongPowerNode.LongPowerNodeBuild,909,3,1 151,1,1 076,2,1
mindustry.world.blocks.power.NuclearReactor,909,14,1 151,3,1 076,8,3
mindustry.world.blocks.power.NuclearReactor.NuclearReactorBuild,909,8,1 151,2,1 076,7,2
mindustry.world.blocks.power.PowerBlock,909,2,1 151,5,1 076,2,3
mindustry.world.blocks.power.PowerDiode,909,7,1 151,2,1 076,6,2
mindustry.world.blocks.power.PowerDiode.PowerDiodeBuild,909,3,1 151,1,1 076,2,1
mindustry.world.blocks.power.PowerDistributor,909,2,1 151,3,1 076,2,2
mindustry.world.blocks.power.PowerGenerator,909,17,1 151,14,1 076,12,5
mindustry.world.blocks.power.PowerGenerator.GeneratorBuild,909,10,1 151,14,1 076,7,3
mindustry.world.blocks.power.PowerGraph,0,0,0,11,1 079,0,5
mindustry.world.blocks.power.PowerNode,909,24,1 151,11,1 076,12,8
mindustry.world.blocks.power.PowerNode.PowerNodeBuild,909,11,1 151,4,1 076,8,3
mindustry.world.blocks.power.SolarGenerator,909,6,1 151,1,1 076,4,1
mindustry.world.blocks.power.SolarGenerator.SolarGeneratorBuild,909,5,1 151,1,1 076,5,1
mindustry.world.blocks.power.ThermalGenerator,909,14,1 151,3,1 076,9,3
mindustry.world.blocks.power.ThermalGenerator.ThermalGeneratorBuild,909,6,1 151,1,1 076,5,1
mindustry.world.blocks.power.VariableReactor,909,15,1 151,3,1 076,10,3
mindustry.world.blocks.power.VariableReactor.VariableReactorBuild,909,6,1 151,2,1 076,5,2
mindustry.world.blocks.production.AttributeCrafter,909,12,1 151,3,1 076,8,3
mindustry.world.blocks.production.AttributeCrafter.AttributeCrafterBuild,909,4,1 151,3,1 076,3,3
mindustry.world.blocks.production.BeamDrill,909,24,1 151,3,1 076,13,3
mindustry.world.blocks.production.BeamDrill.BeamDrillBuild,909,9,1 151,2,1 076,7,2
mindustry.world.blocks.production.BurstDrill,909,11,1 151,3,1 076,7,3
mindustry.world.blocks.production.BurstDrill.BurstDrillBuild,909,8,1 151,1,1 076,5,1
mindustry.world.blocks.production.Drill,909,26,1 151,8,1 076,16,5
mindustry.world.blocks.production.Drill.DrillBuild,909,6,1 151,3,1 076,5,2
mindustry.world.blocks.production.Fracker,909,7,1 151,3,1 076,4,3
mindustry.world.blocks.production.Fracker.FrackerBuild,909,4,1 151,1,1 076,2,1
mindustry.world.blocks.production.GenericCrafter,909,19,1 151,8,1 076,11,5
mindustry.world.blocks.production.GenericCrafter.GenericCrafterBuild,909,8,1 151,4,1 076,5,3
mindustry.world.blocks.production.HeatCrafter,909,9,1 151,3,1 076,6,3
mindustry.world.blocks.production.HeatCrafter.HeatCrafterBuild,909,3,1 151,3,1 076,2,3
mindustry.world.blocks.production.Incinerator,909,3,1 151,2,1 076,3,2
mindustry.world.blocks.production.Incinerator.IncineratorBuild,909,4,1 151,1,1 076,3,1
mindustry.world.blocks.production.ItemIncinerator,909,3,1 151,2,1 076,3,2
mindustry.world.blocks.production.ItemIncinerator.ItemIncineratorBuild,909,5,1 151,1,1 076,5,1
mindustry.world.blocks.production.Pump,909,19,1 151,6,1 076,11,4
mindustry.world.blocks.production.Pump.PumpBuild,909,8,1 151,4,1 076,7,3
mindustry.world.blocks.production.Separator,909,13,1 151,3,1 076,7,3
mindustry.world.blocks.production.Separator.SeparatorBuild,909,7,1 151,1,1 076,6,1
mindustry.world.blocks.production.SingleBlockProducer,909,3,1 151,2,1 076,3,2
mindustry.world.blocks.production.SingleBlockProducer.SingleBlockProducerBuild,909,3,1 151,1,1 076,3,1
mindustry.world.blocks.production.SolidPump,909,19,1 151,5,1 076,13,3
mindustry.world.blocks.production.SolidPump.SolidPumpBuild,909,10,1 151,4,1 076,6,3
mindustry.world.blocks.production.WallCrafter,909,25,1 151,3,1 076,15,3
mindustry.world.blocks.production.WallCrafter.WallCrafterBuild,909,7,1 151,2,1 076,6,2
mindustry.world.blocks.sandbox.ItemSource,909,10,1 151,4,1 076,6,4
mindustry.world.blocks.sandbox.ItemSource.ItemSourceBuild,909,7,1 151,2,1 076,7,2
mindustry.world.blocks.sandbox.ItemVoid,909,3,1 151,1,1 076,2,1
mindustry.world.blocks.sandbox.ItemVoid.ItemVoidBuild,909,2,1 151,1,1 076,2,1
mindustry.world.blocks.sandbox.LiquidSource,909,6,1 151,4,1 076,5,4
mindustry.world.blocks.sandbox.LiquidSource.LiquidSourceBuild,909,8,1 151,2,1 076,8,2
mindustry.world.blocks.sandbox.LiquidVoid,909,3,1 151,2,1 076,2,2
mindustry.world.blocks.sandbox.LiquidVoid.LiquidVoidBuild,909,1,1 151,1,1 076,1,1
mindustry.world.blocks.sandbox.PowerSource,909,3,1 151,3,1 076,3,3
mindustry.world.blocks.sandbox.PowerSource.PowerSourceBuild,909,2,1 151,1,1 076,2,1
mindustry.world.blocks.sandbox.PowerVoid,909,6,1 151,1,1 076,4,1
mindustry.world.blocks.storage.CoreBlock,909,33,1 151,30,1 076,17,19
mindustry.world.blocks.storage.CoreBlock.CoreBuild,909,38,1 151,32,1 076,18,21
mindustry.world.blocks.storage.StorageBlock,909,8,1 151,7,1 076,4,4
mindustry.world.blocks.storage.StorageBlock.StorageBuild,909,10,1 151,3,1 076,7,3
mindustry.world.blocks.storage.Unloader,909,10,1 151,4,1 076,8,4
mindustry.world.blocks.storage.Unloader.ContainerStat,0,0,0,2,1 077,0,2
mindustry.world.blocks.storage.Unloader.UnloaderBuild,909,10,1 151,2,1 076,7,2
mindustry.world.blocks.units.DroneCenter,909,5,1 151,3,1 076,4,2
mindustry.world.blocks.units.DroneCenter.DroneCenterBuild,909,10,1 151,2,1 076,7,2
mindustry.world.blocks.units.DroneCenter.EffectDroneAI,909,3,1 151,2,1 076,2,2
mindustry.world.blocks.units.Reconstructor,909,27,1 151,5,1 076,15,4
mindustry.world.blocks.units.Reconstructor.ReconstructorBuild,909,24,1 151,2,1 076,15,2
mindustry.world.blocks.units.RepairTower,909,8,1 151,3,1 076,5,3
mindustry.world.blocks.units.RepairTower.RepairTowerBuild,909,6,1 151,1,1 076,4,1
mindustry.world.blocks.units.RepairTurret,909,20,1 151,4,1 076,10,4
mindustry.world.blocks.units.RepairTurret.RepairPointBuild,909,10,1 151,2,1 076,8,2
mindustry.world.blocks.units.UnitAssembler,909,41,1 151,4,1 076,18,4
mindustry.world.blocks.units.UnitAssembler.AssemblerUnitPlan,909,4,1 151,5,1 076,1,4
mindustry.world.blocks.units.UnitAssembler.UnitAssemblerBuild,909,35,1 151,4,1 076,16,2
mindustry.world.blocks.units.UnitAssembler.YeetData,909,1,1 151,3,1 076,1,3
mindustry.world.blocks.units.UnitAssemblerModule,909,12,1 151,2,1 076,9,2
mindustry.world.blocks.units.UnitAssemblerModule.UnitAssemblerModuleBuild,909,11,1 151,2,1 076,6,2
mindustry.world.blocks.units.UnitBlock,909,6,1 151,3,1 076,5,2
mindustry.world.blocks.units.UnitBlock.UnitBuild,909,2,1 151,5,1 076,1,2
mindustry.world.blocks.units.UnitCargoLoader,909,14,1 151,3,1 076,12,3
mindustry.world.blocks.units.UnitCargoLoader.UnitTransportSourceBuild,909,12,1 151,2,1 076,10,2
mindustry.world.blocks.units.UnitCargoUnloadPoint,909,4,1 151,2,1 076,4,2
mindustry.world.blocks.units.UnitCargoUnloadPoint.UnitCargoUnloadPointBuild,909,7,1 151,3,1 076,7,3
mindustry.world.blocks.units.UnitFactory,909,29,1 151,5,1 076,15,4
mindustry.world.blocks.units.UnitFactory.UnitFactoryBuild,909,25,1 151,2,1 076,14,2
mindustry.world.blocks.units.UnitFactory.UnitPlan,909,2,1 151,6,1 076,1,4
mindustry.world.consumers.Consume,909,2,1 151,43,1 076,2,12
mindustry.world.consumers.ConsumeCoolant,909,3,1 151,6,1 076,2,5
mindustry.world.consumers.ConsumeItemCharged,909,3,1 151,2,1 076,2,1
mindustry.world.consumers.ConsumeItemDynamic,909,5,1 151,5,1 076,5,3
mindustry.world.consumers.ConsumeItemEfficiency,909,6,1 151,6,1 076,3,3
mindustry.world.consumers.ConsumeItemExplode,909,10,1 151,3,1 076,9,2
mindustry.world.consumers.ConsumeItemExplosive,909,3,1 151,2,1 076,2,1
mindustry.world.consumers.ConsumeItemFilter,909,12,1 151,11,1 076,8,4
mindustry.world.consumers.ConsumeItemFlammable,909,3,1 151,4,1 076,2,3
mindustry.world.consumers.ConsumeItemList,909,3,1 151,2,1 076,2,1
mindustry.world.consumers.ConsumeItemRadioactive,909,3,1 151,3,1 076,2,2
mindustry.world.consumers.ConsumeItems,909,8,1 151,12,1 076,6,6
mindustry.world.consumers.ConsumeLiquid,909,10,1 151,7,1 076,7,6
mindustry.world.consumers.ConsumeLiquidBase,909,3,1 151,18,1 076,3,5
mindustry.world.consumers.ConsumeLiquidFilter,909,13,1 151,6,1 076,8,4
mindustry.world.consumers.ConsumeLiquidFlammable,909,7,1 151,3,1 076,3,2
mindustry.world.consumers.ConsumeLiquids,909,10,1 151,3,1 076,7,2
mindustry.world.consumers.ConsumeLiquidsDynamic,909,6,1 151,2,1 076,6,2
mindustry.world.consumers.ConsumePayloadDynamic,909,5,1 151,3,1 076,4,2
mindustry.world.consumers.ConsumePayloadFilter,909,10,1 151,2,1 076,7,2
mindustry.world.consumers.ConsumePayloads,909,8,1 151,1,1 076,5,1
mindustry.world.consumers.ConsumePower,909,5,1 151,14,1 076,3,8
mindustry.world.consumers.ConsumePowerCondition,909,1,1 151,2,1 076,1,2
mindustry.world.consumers.ConsumePowerDynamic,909,4,1 151,2,1 076,2,2
mindustry.world.draw.DrawArcSmelt,909,1,1 151,2,1 076,1,2
mindustry.world.draw.DrawBlock,909,5,1 151,53,1 076,4,8
mindustry.world.draw.DrawBlurSpin,909,4,1 151,2,1 076,4,2
mindustry.world.draw.DrawBubbles,909,1,1 151,2,1 076,1,2
mindustry.world.draw.DrawCells,909,4,1 151,2,1 076,4,2
mindustry.world.draw.DrawCircles,909,1,1 151,2,1 076,1,2
mindustry.world.draw.DrawCrucibleFlame,909,1,1 151,2,1 076,1,2
mindustry.world.draw.DrawCultivator,909,4,1 151,2,1 076,4,2
mindustry.world.draw.DrawDefault,909,3,1 151,13,1 076,3,6
mindustry.world.draw.DrawFade,909,3,1 151,2,1 076,3,2
mindustry.world.draw.DrawFlame,909,5,1 151,3,1 076,4,3
mindustry.world.draw.DrawFrames,909,3,1 151,1,1 076,3,1
mindustry.world.draw.DrawGlowRegion,909,4,1 151,2,1 076,4,2
mindustry.world.draw.DrawHeatInput,909,6,1 151,2,1 076,6,2
mindustry.world.draw.DrawHeatOutput,909,6,1 151,4,1 076,6,4
mindustry.world.draw.DrawHeatRegion,909,5,1 151,2,1 076,5,2
mindustry.world.draw.DrawLiquidOutputs,909,7,1 151,2,1 076,6,2
mindustry.world.draw.DrawLiquidRegion,909,5,1 151,2,1 076,5,2
mindustry.world.draw.DrawLiquidTile,909,4,1 151,2,1 076,4,2
mindustry.world.draw.DrawMulti,909,3,1 151,8,1 076,3,5
mindustry.world.draw.DrawMultiWeave,909,3,1 151,2,1 076,3,2
mindustry.world.draw.DrawParticles,909,1,1 151,2,1 076,1,2
mindustry.world.draw.DrawPistons,909,4,1 151,2,1 076,4,2
mindustry.world.draw.DrawPlasma,909,5,1 151,2,1 076,4,2
mindustry.world.draw.DrawPower,909,5,1 151,2,1 076,5,2
mindustry.world.draw.DrawPulseShape,909,3,1 151,2,1 076,3,2
mindustry.world.draw.DrawPumpLiquid,909,6,1 151,2,1 076,6,2
mindustry.world.draw.DrawRegion,909,5,1 151,4,1 076,5,3
mindustry.world.draw.DrawShape,909,2,1 151,2,1 076,2,2
mindustry.world.draw.DrawSideRegion,909,4,1 151,1,1 076,4,1
mindustry.world.draw.DrawSoftParticles,909,2,1 151,2,1 076,2,2
mindustry.world.draw.DrawSpikes,909,1,1 151,2,1 076,1,2
mindustry.world.draw.DrawTurret,909,16,1 151,3,1 076,9,3
mindustry.world.draw.DrawWarmupRegion,909,4,1 151,2,1 076,4,2
mindustry.world.draw.DrawWeave,909,5,1 151,2,1 076,5,2
mindustry.world.meta.Attribute,909,4,1 151,21,1 076,3,12
mindustry.world.meta.BlockFlag,0,0,0,40,1 077,0,21
mindustry.world.meta.BlockGroup,0,0,0,47,1 077,0,14
mindustry.world.meta.BlockStatus,0,1,1,8,1 077,1,6
mindustry.world.meta.BuildVisibility,909,8,1 151,12,1 076,7,12
mindustry.world.meta.Env,0,0,0,66,1 077,0,23
mindustry.world.meta.Stat,0,1,1,93,1 077,1,19
mindustry.world.meta.StatCat,0,0,0,3,1 078,0,2
mindustry.world.meta.StatUnit,0,0,0,64,1 077,0,18
mindustry.world.meta.StatValues,909,27,1 151,42,1 076,16,12
mindustry.world.meta.Stats,909,9,1 151,95,1 076,2,18
mindustry.world.modules.BlockModule,0,0,0,5,1 078,0,3
mindustry.world.modules.ItemModule,909,11,1 151,13,1 076,5,9
mindustry.world.modules.LiquidModule,909,8,1 151,3,1 076,5,3
mindustry.world.modules.PowerModule,0,2,2,4,1 077,2,4

Interface,Cyclic,Dcy,Dcy*,Dpt,Dpt*,PDcy,PDpt
mindustry.ai.Astar.DistanceHeuristic,0,0,0,2,1 077,0,2
mindustry.ai.Astar.TileHeuristic,909,1,1 151,6,1 076,1,4
mindustry.ai.Pathfinder.PathCost,0,0,0,7,1 077,0,3
mindustry.ai.WaveSpawner.SpawnConsumer,0,0,0,1,1 077,0,1
mindustry.async.AsyncProcess,0,0,0,3,1 077,0,1
mindustry.core.NetServer.ChatFormatter,0,0,0,3,1 077,0,2
mindustry.core.NetServer.InvalidCommandHandler,0,0,0,2,1 077,0,1
mindustry.core.NetServer.TeamAssigner,909,1,1 151,1,1 076,1,1
mindustry.core.Platform,909,9,1 151,19,1 076,6,9
mindustry.core.Platform.FileWriter,0,0,0,3,1 077,0,3
mindustry.editor.MapObjectivesDialog.FieldInterpreter,909,1,1 151,2,1 076,1,1
mindustry.editor.MapObjectivesDialog.FieldProvider,909,1,1 151,1,1 076,1,1
mindustry.editor.MapResizeDialog.ResizeListener,0,0,0,2,1 077,0,1
mindustry.entities.EntityCollisions.SolidPred,0,0,0,8,1 077,0,3
mindustry.entities.EntityIndexer,0,0,0,1,1 077,0,1
mindustry.entities.Mover,0,0,0,8,1 086,0,5
mindustry.entities.Sized,0,0,0,13,1 078,0,9
mindustry.entities.Units.BuildingPriorityf,0,0,0,2,1 077,0,2
mindustry.entities.Units.Sortf,0,0,0,6,1 077,0,4
mindustry.entities.part.DrawPart.PartFunc,0,0,0,2,1 080,0,2
mindustry.entities.part.DrawPart.PartProgress,0,2,2,10,1 079,1,3
mindustry.entities.pattern.ShootPattern.BulletHandler,0,1,1,11,1 085,1,4
mindustry.entities.units.UnitController,0,0,0,8,1 077,0,7
mindustry.game.Objectives.Objective,0,0,0,14,1 077,0,5
mindustry.graphics.g3d.GenericMesh,909,1,1 151,6,1 076,1,4
mindustry.graphics.g3d.HexMesher,0,0,0,3,1 077,0,2
mindustry.graphics.g3d.PlanetRenderer.PlanetInterfaceRenderer,909,1,1 151,4,1 076,1,3
mindustry.io.SaveFileReader.CustomChunk,0,0,0,2,1 077,0,2
mindustry.io.SaveFileReader.IORunner,0,0,0,4,1 077,0,2
mindustry.io.SaveFileReader.IORunnerLength,0,0,0,5,1 077,0,2
mindustry.io.TypeIO.Boxed,0,0,0,3,1 078,0,2
mindustry.io.TypeIO.ContentMapper,909,2,1 151,2,1 076,1,2
mindustry.logic.ConditionOp.CondObjOpLambda,0,0,0,1,1 077,0,1
mindustry.logic.ConditionOp.CondOpLambda,0,0,0,1,1 077,0,1
mindustry.logic.Controllable,0,2,1 152,1,1,2,1
mindustry.logic.LExecutor.LInstruction,909,1,1 151,103,1 076,1,1
mindustry.logic.LReadable,909,2,1 151,5,1 076,1,2
mindustry.logic.LWritable,909,2,1 151,4,1 076,1,2
mindustry.logic.LogicOp.OpLambda1,0,0,0,2,3,0,1
mindustry.logic.LogicOp.OpLambda2,0,0,0,2,3,0,1
mindustry.logic.LogicOp.OpObjLambda2,0,0,0,2,3,0,1
mindustry.logic.RadarSort.RadarSortFunc,0,0,0,2,4,0,1
mindustry.logic.RadarTarget.RadarTargetFunc,0,1,1 152,2,4,1,1
mindustry.logic.Ranged,0,0,0,14,1 078,0,8
mindustry.logic.Senseable,909,2,1 151,8,1 076,2,5
mindustry.logic.Settable,0,2,1 152,3,4,2,2
mindustry.maps.Maps.MapProvider,909,2,1 151,2,1 076,2,1
mindustry.maps.filters.GenerateFilter.GenerateInput.TileProvider,909,1,1 151,3,1 076,1,3
mindustry.maps.generators.WorldGenerator,909,2,1 151,3,1 076,1,2
mindustry.mod.ContentParser.FieldParser,0,0,0,1,1 077,0,1
mindustry.mod.ContentParser.ParseListener,0,0,0,2,1 077,0,1
mindustry.mod.ContentParser.TypeParser,909,1,1 151,1,1 076,1,1
mindustry.net.Administration.ActionFilter,909,1,1 151,1,1 076,1,1
mindustry.net.Administration.ChatFilter,0,0,0,1,1 077,0,1
mindustry.net.Net.NetProvider,909,2,1 151,5,1 076,1,4
mindustry.type.AmmoType,0,0,0,6,1 077,0,4
mindustry.type.Publishable,909,1,1 151,10,1 076,1,7
mindustry.type.StatusEffect.TransitionHandler,909,1,1 151,3,1 076,1,3
mindustry.ui.Displayable,0,0,0,4,1 077,0,3
mindustry.ui.Menus.MenuListener,0,0,0,1,1,0,1
mindustry.ui.Menus.TextInputListener,0,0,0,1,1,0,1
mindustry.ui.dialogs.SettingsMenuDialog.StringProcessor,0,0,0,3,1 077,0,1
mindustry.ui.fragments.HintsFragment.Hint,0,0,0,2,1 077,0,1
mindustry.ui.layout.TreeLayout,0,1,2,3,1 080,1,1
mindustry.world.WorldContext,909,2,1 151,11,1 076,2,5
mindustry.world.blocks.Autotiler,909,6,1 151,11,1 076,3,3
mindustry.world.blocks.ControlBlock,0,0,0,9,1 077,0,8
mindustry.world.blocks.ExplosionShield,0,0,0,4,1 077,0,4
mindustry.world.blocks.LaunchAnimator,0,0,0,4,1 077,0,4
mindustry.world.blocks.RotBlock,0,0,0,7,1 078,0,7
mindustry.world.blocks.UnitTetherBlock,0,0,0,3,1 077,0,2
mindustry.world.blocks.distribution.ChainedBuilding,0,0,0,5,1 077,0,4
mindustry.world.blocks.heat.HeatBlock,0,0,0,6,1 077,0,5
mindustry.world.blocks.heat.HeatConsumer,0,0,0,5,1 077,0,5
mindustry.world.blocks.payloads.Payload,909,8,1 151,28,1 076,7,11
mindustry.world.meta.StatValue,0,0,0,10,1 077,0,7
mindustry.world.modules.ItemModule.ItemCalculator,909,1,1 151,1,1 076,1,1
mindustry.world.modules.ItemModule.ItemConsumer,909,1,1 151,4,1 076,1,3
mindustry.world.modules.LiquidModule.LiquidCalculator,909,1,1 151,2,1 076,1,2
mindustry.world.modules.LiquidModule.LiquidConsumer,909,1,1 151,1,1 076,1,1

Package,Cyclic,PDcy,PDpt,PDpt*
mindustry,58,20,59,67
mindustry.ai,58,24,31,67
mindustry.ai.types,58,18,15,67
mindustry.async,58,5,7,67
mindustry.audio,58,7,5,67
mindustry.content,58,42,51,67
mindustry.core,58,32,58,67
mindustry.ctype,58,14,52,67
mindustry.editor,58,23,7,67
mindustry.entities,58,15,39,67
mindustry.entities.abilities,58,13,7,67
mindustry.entities.bullet,58,16,18,67
mindustry.entities.comp,0,32,0,1
mindustry.entities.effect,58,3,4,67
mindustry.entities.part,58,5,6,67
mindustry.entities.pattern,58,1,4,67
mindustry.entities.units,58,13,33,67
mindustry.game,58,30,53,67
mindustry.graphics,58,22,45,67
mindustry.graphics.g3d,58,5,10,67
mindustry.input,58,25,19,67
mindustry.io,58,25,23,67
mindustry.io.versions,58,9,3,67
mindustry.logic,58,23,27,67
mindustry.maps,58,22,14,67
mindustry.maps.filters,58,14,4,67
mindustry.maps.generators,58,20,8,67
mindustry.maps.planet,58,14,2,67
mindustry.mod,58,47,19,67
mindustry.net,58,16,33,67
mindustry.service,58,18,3,67
mindustry.type,58,33,56,67
mindustry.type.ammo,58,5,4,67
mindustry.type.unit,58,8,2,67
mindustry.type.weapons,58,11,2,67
mindustry.type.weather,58,3,2,67
mindustry.ui,58,10,34,67
mindustry.ui.dialogs,58,25,20,67
mindustry.ui.fragments,58,23,18,67
mindustry.ui.layout,0,0,1,68
mindustry.world,58,21,50,67
mindustry.world.blocks,58,21,29,67
mindustry.world.blocks.campaign,58,21,2,67
mindustry.world.blocks.defense,58,22,5,67
mindustry.world.blocks.defense.turrets,58,20,8,67
mindustry.world.blocks.distribution,58,18,8,67
mindustry.world.blocks.environment,58,16,25,67
mindustry.world.blocks.heat,58,10,6,67
mindustry.world.blocks.legacy,58,3,6,67
mindustry.world.blocks.liquid,58,13,8,67
mindustry.world.blocks.logic,58,14,5,67
mindustry.world.blocks.payloads,58,22,18,67
mindustry.world.blocks.power,58,22,10,67
mindustry.world.blocks.production,58,21,7,67
mindustry.world.blocks.sandbox,58,11,5,67
mindustry.world.blocks.storage,58,23,27,67
mindustry.world.blocks.units,58,21,5,67
mindustry.world.consumers,58,10,14,67
mindustry.world.draw,58,12,7,67
mindustry.world.meta,58,17,43,67
mindustry.world.modules,58,5,11,67

